[debug] [2026-06-09T19:44:06.851Z] ----------------------------------------------------------------------
[debug] [2026-06-09T19:44:06.854Z] Command:       /usr/local/bin/node /Users/richwilliams/.npm/_npx/ba4f1959e38407b5/node_modules/.bin/firebase deploy --only functions,hosting
[debug] [2026-06-09T19:44:06.854Z] CLI Version:   15.19.1
[debug] [2026-06-09T19:44:06.854Z] Platform:      darwin
[debug] [2026-06-09T19:44:06.854Z] Node Version:  v24.16.0
[debug] [2026-06-09T19:44:06.854Z] Time:          Tue Jun 09 2026 14:44:06 GMT-0500 (Central Daylight Time)
[debug] [2026-06-09T19:44:06.854Z] ----------------------------------------------------------------------
[debug] 
[debug] [2026-06-09T19:44:08.589Z] > command requires scopes: ["email","openid","https://www.googleapis.com/auth/cloudplatformprojects.readonly","https://www.googleapis.com/auth/firebase","https://www.googleapis.com/auth/cloud-platform"]
[debug] [2026-06-09T19:44:08.589Z] > authorizing via signed-in user (rchwms@gmail.com)
[debug] [2026-06-09T19:44:08.590Z] [iam] checking project shareshuffle-c7f96 for permissions ["cloudfunctions.functions.create","cloudfunctions.functions.delete","cloudfunctions.functions.get","cloudfunctions.functions.list","cloudfunctions.functions.update","cloudfunctions.operations.get","firebase.projects.get","firebasehosting.sites.update"]
[debug] [2026-06-09T19:44:08.591Z] Checked if tokens are valid: true, expires at: 1781036251126
[debug] [2026-06-09T19:44:08.591Z] Checked if tokens are valid: true, expires at: 1781036251126
[debug] [2026-06-09T19:44:08.592Z] >>> [apiv2][query] POST https://cloudresourcemanager.googleapis.com/v1/projects/shareshuffle-c7f96:testIamPermissions [none]
[debug] [2026-06-09T19:44:08.592Z] >>> [apiv2][(partial)header] POST https://cloudresourcemanager.googleapis.com/v1/projects/shareshuffle-c7f96:testIamPermissions  x-goog-user-project=shareshuffle-c7f96
[debug] [2026-06-09T19:44:08.592Z] >>> [apiv2][body] POST https://cloudresourcemanager.googleapis.com/v1/projects/shareshuffle-c7f96:testIamPermissions {"permissions":["cloudfunctions.functions.create","cloudfunctions.functions.delete","cloudfunctions.functions.get","cloudfunctions.functions.list","cloudfunctions.functions.update","cloudfunctions.operations.get","firebase.projects.get","firebasehosting.sites.update"]}
[debug] [2026-06-09T19:44:08.784Z] <<< [apiv2][status] POST https://cloudresourcemanager.googleapis.com/v1/projects/shareshuffle-c7f96:testIamPermissions 200
[debug] [2026-06-09T19:44:08.784Z] <<< [apiv2][body] POST https://cloudresourcemanager.googleapis.com/v1/projects/shareshuffle-c7f96:testIamPermissions {"permissions":["cloudfunctions.functions.create","cloudfunctions.functions.delete","cloudfunctions.functions.get","cloudfunctions.functions.list","cloudfunctions.functions.update","cloudfunctions.operations.get","firebase.projects.get","firebasehosting.sites.update"]}
[debug] [2026-06-09T19:44:08.785Z] Checked if tokens are valid: true, expires at: 1781036251126
[debug] [2026-06-09T19:44:08.785Z] Checked if tokens are valid: true, expires at: 1781036251126
[debug] [2026-06-09T19:44:08.785Z] >>> [apiv2][query] POST https://iam.googleapis.com/v1/projects/shareshuffle-c7f96/serviceAccounts/shareshuffle-c7f96@appspot.gserviceaccount.com:testIamPermissions [none]
[debug] [2026-06-09T19:44:08.785Z] >>> [apiv2][body] POST https://iam.googleapis.com/v1/projects/shareshuffle-c7f96/serviceAccounts/shareshuffle-c7f96@appspot.gserviceaccount.com:testIamPermissions {"permissions":["iam.serviceAccounts.actAs"]}
[debug] [2026-06-09T19:44:09.026Z] <<< [apiv2][status] POST https://iam.googleapis.com/v1/projects/shareshuffle-c7f96/serviceAccounts/shareshuffle-c7f96@appspot.gserviceaccount.com:testIamPermissions 200
[debug] [2026-06-09T19:44:09.026Z] <<< [apiv2][body] POST https://iam.googleapis.com/v1/projects/shareshuffle-c7f96/serviceAccounts/shareshuffle-c7f96@appspot.gserviceaccount.com:testIamPermissions {"permissions":["iam.serviceAccounts.actAs"]}
[debug] [2026-06-09T19:44:09.027Z] Checked if tokens are valid: true, expires at: 1781036251126
[debug] [2026-06-09T19:44:09.027Z] Checked if tokens are valid: true, expires at: 1781036251126
[debug] [2026-06-09T19:44:09.027Z] >>> [apiv2][query] GET https://firebase.googleapis.com/v1beta1/projects/shareshuffle-c7f96 [none]
[debug] [2026-06-09T19:44:09.243Z] <<< [apiv2][status] GET https://firebase.googleapis.com/v1beta1/projects/shareshuffle-c7f96 200
[debug] [2026-06-09T19:44:09.243Z] <<< [apiv2][body] GET https://firebase.googleapis.com/v1beta1/projects/shareshuffle-c7f96 {"projectId":"shareshuffle-c7f96","projectNumber":"507028011652","displayName":"ShareShuffle","name":"projects/shareshuffle-c7f96","resources":{"hostingSite":"shareshuffle-c7f96"},"state":"ACTIVE","etag":"1_7e40debc-ddf6-43e0-b0cb-984169a85fcb"}
[info] 
[info] === Deploying to 'shareshuffle-c7f96'...
[info] 
[info] i  deploying functions, hosting 
[debug] [2026-06-09T19:44:09.246Z] Checked if tokens are valid: true, expires at: 1781036251126
[debug] [2026-06-09T19:44:09.247Z] Checked if tokens are valid: true, expires at: 1781036251126
[debug] [2026-06-09T19:44:09.247Z] >>> [apiv2][query] GET https://cloudresourcemanager.googleapis.com/v1/projects/shareshuffle-c7f96 [none]
[debug] [2026-06-09T19:44:09.331Z] <<< [apiv2][status] GET https://cloudresourcemanager.googleapis.com/v1/projects/shareshuffle-c7f96 200
[debug] [2026-06-09T19:44:09.331Z] <<< [apiv2][body] GET https://cloudresourcemanager.googleapis.com/v1/projects/shareshuffle-c7f96 {"projectNumber":"507028011652","projectId":"shareshuffle-c7f96","lifecycleState":"ACTIVE","name":"ShareShuffle","labels":{"firebase":"enabled","firebase-core":"disabled"},"createTime":"2026-06-01T18:51:39.984Z"}
[info] i  functions: preparing codebase default for deployment 
[info] i  functions: ensuring required API cloudfunctions.googleapis.com is enabled... 
[info] i  functions: ensuring required API cloudbuild.googleapis.com is enabled... 
[debug] [2026-06-09T19:44:09.332Z] Checked if tokens are valid: true, expires at: 1781036251126
[debug] [2026-06-09T19:44:09.333Z] Checked if tokens are valid: true, expires at: 1781036251126
[info] i  artifactregistry: ensuring required API artifactregistry.googleapis.com is enabled... 
[debug] [2026-06-09T19:44:09.333Z] Checked if tokens are valid: true, expires at: 1781036251126
[debug] [2026-06-09T19:44:09.333Z] Checked if tokens are valid: true, expires at: 1781036251126
[debug] [2026-06-09T19:44:09.333Z] >>> [apiv2][query] GET https://serviceusage.googleapis.com/v1/projects/shareshuffle-c7f96/services/cloudbuild.googleapis.com [none]
[debug] [2026-06-09T19:44:09.333Z] >>> [apiv2][(partial)header] GET https://serviceusage.googleapis.com/v1/projects/shareshuffle-c7f96/services/cloudbuild.googleapis.com  x-goog-user-project=shareshuffle-c7f96
[debug] [2026-06-09T19:44:09.334Z] >>> [apiv2][query] GET https://serviceusage.googleapis.com/v1/projects/shareshuffle-c7f96/services/artifactregistry.googleapis.com [none]
[debug] [2026-06-09T19:44:09.334Z] >>> [apiv2][(partial)header] GET https://serviceusage.googleapis.com/v1/projects/shareshuffle-c7f96/services/artifactregistry.googleapis.com  x-goog-user-project=shareshuffle-c7f96
[debug] [2026-06-09T19:44:09.733Z] <<< [apiv2][status] GET https://serviceusage.googleapis.com/v1/projects/shareshuffle-c7f96/services/cloudbuild.googleapis.com 200
[debug] [2026-06-09T19:44:09.733Z] <<< [apiv2][body] GET https://serviceusage.googleapis.com/v1/projects/shareshuffle-c7f96/services/cloudbuild.googleapis.com [omitted]
[warn] ⚠  functions: missing required API cloudbuild.googleapis.com. Enabling now... 
[debug] [2026-06-09T19:44:09.734Z] Checked if tokens are valid: true, expires at: 1781036251126
[debug] [2026-06-09T19:44:09.734Z] Checked if tokens are valid: true, expires at: 1781036251126
[debug] [2026-06-09T19:44:09.734Z] >>> [apiv2][query] POST https://serviceusage.googleapis.com/v1/projects/shareshuffle-c7f96/services/cloudbuild.googleapis.com:enable [none]
[debug] [2026-06-09T19:44:09.734Z] >>> [apiv2][(partial)header] POST https://serviceusage.googleapis.com/v1/projects/shareshuffle-c7f96/services/cloudbuild.googleapis.com:enable  x-goog-user-project=shareshuffle-c7f96
[debug] [2026-06-09T19:44:09.739Z] <<< [apiv2][status] GET https://serviceusage.googleapis.com/v1/projects/shareshuffle-c7f96/services/artifactregistry.googleapis.com 200
[debug] [2026-06-09T19:44:09.739Z] <<< [apiv2][body] GET https://serviceusage.googleapis.com/v1/projects/shareshuffle-c7f96/services/artifactregistry.googleapis.com [omitted]
[warn] ⚠  artifactregistry: missing required API artifactregistry.googleapis.com. Enabling now... 
[debug] [2026-06-09T19:44:09.739Z] Checked if tokens are valid: true, expires at: 1781036251126
[debug] [2026-06-09T19:44:09.739Z] Checked if tokens are valid: true, expires at: 1781036251126
[debug] [2026-06-09T19:44:09.739Z] >>> [apiv2][query] POST https://serviceusage.googleapis.com/v1/projects/shareshuffle-c7f96/services/artifactregistry.googleapis.com:enable [none]
[debug] [2026-06-09T19:44:09.739Z] >>> [apiv2][(partial)header] POST https://serviceusage.googleapis.com/v1/projects/shareshuffle-c7f96/services/artifactregistry.googleapis.com:enable  x-goog-user-project=shareshuffle-c7f96
[debug] [2026-06-09T19:44:09.990Z] <<< [apiv2][status] POST https://serviceusage.googleapis.com/v1/projects/shareshuffle-c7f96/services/artifactregistry.googleapis.com:enable 200
[debug] [2026-06-09T19:44:09.990Z] <<< [apiv2][body] POST https://serviceusage.googleapis.com/v1/projects/shareshuffle-c7f96/services/artifactregistry.googleapis.com:enable [omitted]
[debug] [2026-06-09T19:44:10.116Z] <<< [apiv2][status] POST https://serviceusage.googleapis.com/v1/projects/shareshuffle-c7f96/services/cloudbuild.googleapis.com:enable 200
[debug] [2026-06-09T19:44:10.117Z] <<< [apiv2][body] POST https://serviceusage.googleapis.com/v1/projects/shareshuffle-c7f96/services/cloudbuild.googleapis.com:enable [omitted]
[debug] [2026-06-09T19:44:20.140Z] Checked if tokens are valid: true, expires at: 1781036251126
[debug] [2026-06-09T19:44:20.141Z] Checked if tokens are valid: true, expires at: 1781036251126
[debug] [2026-06-09T19:44:20.141Z] >>> [apiv2][query] GET https://firebase.googleapis.com/v1beta1/projects/shareshuffle-c7f96/adminSdkConfig [none]
[debug] [2026-06-09T19:44:20.343Z] <<< [apiv2][status] GET https://firebase.googleapis.com/v1beta1/projects/shareshuffle-c7f96/adminSdkConfig 200
[debug] [2026-06-09T19:44:20.343Z] <<< [apiv2][body] GET https://firebase.googleapis.com/v1beta1/projects/shareshuffle-c7f96/adminSdkConfig {"projectId":"shareshuffle-c7f96","storageBucket":"shareshuffle-c7f96.firebasestorage.app"}
[debug] [2026-06-09T19:44:20.344Z] Checked if tokens are valid: true, expires at: 1781036251126
[debug] [2026-06-09T19:44:20.344Z] Checked if tokens are valid: true, expires at: 1781036251126
[debug] [2026-06-09T19:44:20.344Z] >>> [apiv2][query] GET https://runtimeconfig.googleapis.com/v1beta1/projects/shareshuffle-c7f96/configs [none]
[debug] [2026-06-09T19:44:20.655Z] <<< [apiv2][status] GET https://runtimeconfig.googleapis.com/v1beta1/projects/shareshuffle-c7f96/configs 200
[debug] [2026-06-09T19:44:20.655Z] <<< [apiv2][body] GET https://runtimeconfig.googleapis.com/v1beta1/projects/shareshuffle-c7f96/configs {}
[debug] [2026-06-09T19:44:20.657Z] Validating nodejs source
[warn] ⚠  functions: Runtime Node.js 20 was deprecated on 2026-04-30 and will be decommissioned on 2026-10-30, after which you will not be able to deploy without upgrading. Consider upgrading now to avoid disruption. See https://cloud.google.com/functions/docs/runtime-support for full details on the lifecycle policy 
[warn] ⚠  functions: Couldn't find firebase-functions package in your source code. Have you run 'npm install'? 
[debug] [2026-06-09T19:44:20.657Z] getFunctionsSDKVersion encountered error: Cannot find module 'firebase-functions'
Require stack:
- /Users/richwilliams/.npm/_npx/ba4f1959e38407b5/node_modules/firebase-tools/lib/deploy/functions/runtimes/node/versioning.js
- /Users/richwilliams/.npm/_npx/ba4f1959e38407b5/node_modules/firebase-tools/lib/deploy/functions/runtimes/node/index.js
- /Users/richwilliams/.npm/_npx/ba4f1959e38407b5/node_modules/firebase-tools/lib/deploy/functions/runtimes/index.js
- /Users/richwilliams/.npm/_npx/ba4f1959e38407b5/node_modules/firebase-tools/lib/deploy/functions/prepare.js
- /Users/richwilliams/.npm/_npx/ba4f1959e38407b5/node_modules/firebase-tools/lib/emulator/functionsEmulatorShared.js
- /Users/richwilliams/.npm/_npx/ba4f1959e38407b5/node_modules/firebase-tools/lib/frameworks/index.js
- /Users/richwilliams/.npm/_npx/ba4f1959e38407b5/node_modules/firebase-tools/lib/deploy/hosting/prepare.js
- /Users/richwilliams/.npm/_npx/ba4f1959e38407b5/node_modules/firebase-tools/lib/deploy/hosting/index.js
- /Users/richwilliams/.npm/_npx/ba4f1959e38407b5/node_modules/firebase-tools/lib/deploy/index.js
- /Users/richwilliams/.npm/_npx/ba4f1959e38407b5/node_modules/firebase-tools/lib/commands/deploy.js
- /Users/richwilliams/.npm/_npx/ba4f1959e38407b5/node_modules/firebase-tools/lib/commands/index.js
- /Users/richwilliams/.npm/_npx/ba4f1959e38407b5/node_modules/firebase-tools/lib/index.js
- /Users/richwilliams/.npm/_npx/ba4f1959e38407b5/node_modules/firebase-tools/lib/bin/cli.js
- /Users/richwilliams/.npm/_npx/ba4f1959e38407b5/node_modules/firebase-tools/lib/bin/firebase.js {"code":"MODULE_NOT_FOUND","requireStack":["/Users/richwilliams/.npm/_npx/ba4f1959e38407b5/node_modules/firebase-tools/lib/deploy/functions/runtimes/node/versioning.js","/Users/richwilliams/.npm/_npx/ba4f1959e38407b5/node_modules/firebase-tools/lib/deploy/functions/runtimes/node/index.js","/Users/richwilliams/.npm/_npx/ba4f1959e38407b5/node_modules/firebase-tools/lib/deploy/functions/runtimes/index.js","/Users/richwilliams/.npm/_npx/ba4f1959e38407b5/node_modules/firebase-tools/lib/deploy/functions/prepare.js","/Users/richwilliams/.npm/_npx/ba4f1959e38407b5/node_modules/firebase-tools/lib/emulator/functionsEmulatorShared.js","/Users/richwilliams/.npm/_npx/ba4f1959e38407b5/node_modules/firebase-tools/lib/frameworks/index.js","/Users/richwilliams/.npm/_npx/ba4f1959e38407b5/node_modules/firebase-tools/lib/deploy/hosting/prepare.js","/Users/richwilliams/.npm/_npx/ba4f1959e38407b5/node_modules/firebase-tools/lib/deploy/hosting/index.js","/Users/richwilliams/.npm/_npx/ba4f1959e38407b5/node_modules/firebase-tools/lib/deploy/index.js","/Users/richwilliams/.npm/_npx/ba4f1959e38407b5/node_modules/firebase-tools/lib/commands/deploy.js","/Users/richwilliams/.npm/_npx/ba4f1959e38407b5/node_modules/firebase-tools/lib/commands/index.js","/Users/richwilliams/.npm/_npx/ba4f1959e38407b5/node_modules/firebase-tools/lib/index.js","/Users/richwilliams/.npm/_npx/ba4f1959e38407b5/node_modules/firebase-tools/lib/bin/cli.js","/Users/richwilliams/.npm/_npx/ba4f1959e38407b5/node_modules/firebase-tools/lib/bin/firebase.js"]}
[debug] [2026-06-09T19:44:20.659Z] checkFunctionsSDKVersion encountered error: Invalid Version:  {}
[debug] [2026-06-09T19:44:20.660Z] > [functions] package.json contents: {
  "name": "shareshuffle-functions",
  "private": true,
  "type": "module",
  "engines": {
    "node": "20"
  },
  "dependencies": {
    "firebase-functions": "latest"
  }
}
[debug] [2026-06-09T19:44:20.660Z] Building nodejs source
[info] i  functions: Loading and analyzing source code for codebase default to determine what to deploy 
[debug] [2026-06-09T19:44:20.660Z] Could not parse firebase-functions version '' into semver.
[debug] [2026-06-09T19:44:20.661Z] Could not find functions.yaml. Must use http discovery
[debug] [2026-06-09T19:44:20.749Z] Error: Cannot find module 'firebase-functions'
Require stack:
- /Users/richwilliams/.npm/_npx/ba4f1959e38407b5/node_modules/firebase-tools/lib/deploy/functions/runtimes/node/index.js
- /Users/richwilliams/.npm/_npx/ba4f1959e38407b5/node_modules/firebase-tools/lib/deploy/functions/runtimes/index.js
- /Users/richwilliams/.npm/_npx/ba4f1959e38407b5/node_modules/firebase-tools/lib/deploy/functions/prepare.js
- /Users/richwilliams/.npm/_npx/ba4f1959e38407b5/node_modules/firebase-tools/lib/emulator/functionsEmulatorShared.js
- /Users/richwilliams/.npm/_npx/ba4f1959e38407b5/node_modules/firebase-tools/lib/frameworks/index.js
- /Users/richwilliams/.npm/_npx/ba4f1959e38407b5/node_modules/firebase-tools/lib/deploy/hosting/prepare.js
- /Users/richwilliams/.npm/_npx/ba4f1959e38407b5/node_modules/firebase-tools/lib/deploy/hosting/index.js
- /Users/richwilliams/.npm/_npx/ba4f1959e38407b5/node_modules/firebase-tools/lib/deploy/index.js
- /Users/richwilliams/.npm/_npx/ba4f1959e38407b5/node_modules/firebase-tools/lib/commands/deploy.js
- /Users/richwilliams/.npm/_npx/ba4f1959e38407b5/node_modules/firebase-tools/lib/commands/index.js
- /Users/richwilliams/.npm/_npx/ba4f1959e38407b5/node_modules/firebase-tools/lib/index.js
- /Users/richwilliams/.npm/_npx/ba4f1959e38407b5/node_modules/firebase-tools/lib/bin/cli.js
- /Users/richwilliams/.npm/_npx/ba4f1959e38407b5/node_modules/firebase-tools/lib/bin/firebase.js
    at Module._resolveFilename (node:internal/modules/cjs/loader:1500:15)
    at wrapResolveFilename (node:internal/modules/cjs/loader:1071:27)
    at resolveForCJSWithHooks (node:internal/modules/cjs/loader:1116:12)
    at require.resolve (node:internal/modules/helpers:171:31)
    at Delegate.findFunctionsBinary (/Users/richwilliams/.npm/_npx/ba4f1959e38407b5/node_modules/firebase-tools/lib/deploy/functions/runtimes/node/index.js:101:33)
    at Delegate.spawnFunctionsProcess (/Users/richwilliams/.npm/_npx/ba4f1959e38407b5/node_modules/firebase-tools/lib/deploy/functions/runtimes/node/index.js:131:30)
    at Delegate.serveAdmin (/Users/richwilliams/.npm/_npx/ba4f1959e38407b5/node_modules/firebase-tools/lib/deploy/functions/runtimes/node/index.js:152:35)
    at Delegate.discoverBuild (/Users/richwilliams/.npm/_npx/ba4f1959e38407b5/node_modules/firebase-tools/lib/deploy/functions/runtimes/node/index.js:192:41)
    at process.processTicksAndRejections (node:internal/process/task_queues:104:5)
    at async loadCodebases (/Users/richwilliams/.npm/_npx/ba4f1959e38407b5/node_modules/firebase-tools/lib/deploy/functions/prepare.js:489:33)
[error] 
[error] Error: An unexpected error has occurred.
[debug] [2026-06-09T19:53:18.718Z] ----------------------------------------------------------------------
[debug] [2026-06-09T19:53:18.721Z] Command:       /usr/local/bin/node /Users/richwilliams/.npm/_npx/ba4f1959e38407b5/node_modules/.bin/firebase deploy --only functions,hosting
[debug] [2026-06-09T19:53:18.721Z] CLI Version:   15.19.1
[debug] [2026-06-09T19:53:18.721Z] Platform:      darwin
[debug] [2026-06-09T19:53:18.721Z] Node Version:  v24.16.0
[debug] [2026-06-09T19:53:18.722Z] Time:          Tue Jun 09 2026 14:53:18 GMT-0500 (Central Daylight Time)
[debug] [2026-06-09T19:53:18.722Z] ----------------------------------------------------------------------
[debug] 
[debug] [2026-06-09T19:53:20.470Z] > command requires scopes: ["email","openid","https://www.googleapis.com/auth/cloudplatformprojects.readonly","https://www.googleapis.com/auth/firebase","https://www.googleapis.com/auth/cloud-platform"]
[debug] [2026-06-09T19:53:20.471Z] > authorizing via signed-in user (rchwms@gmail.com)
[debug] [2026-06-09T19:53:20.471Z] [iam] checking project shareshuffle-c7f96 for permissions ["cloudfunctions.functions.create","cloudfunctions.functions.delete","cloudfunctions.functions.get","cloudfunctions.functions.list","cloudfunctions.functions.update","cloudfunctions.operations.get","firebase.projects.get","firebasehosting.sites.update"]
[debug] [2026-06-09T19:53:20.472Z] Checked if tokens are valid: true, expires at: 1781036251126
[debug] [2026-06-09T19:53:20.472Z] Checked if tokens are valid: true, expires at: 1781036251126
[debug] [2026-06-09T19:53:20.473Z] >>> [apiv2][query] POST https://cloudresourcemanager.googleapis.com/v1/projects/shareshuffle-c7f96:testIamPermissions [none]
[debug] [2026-06-09T19:53:20.473Z] >>> [apiv2][(partial)header] POST https://cloudresourcemanager.googleapis.com/v1/projects/shareshuffle-c7f96:testIamPermissions  x-goog-user-project=shareshuffle-c7f96
[debug] [2026-06-09T19:53:20.473Z] >>> [apiv2][body] POST https://cloudresourcemanager.googleapis.com/v1/projects/shareshuffle-c7f96:testIamPermissions {"permissions":["cloudfunctions.functions.create","cloudfunctions.functions.delete","cloudfunctions.functions.get","cloudfunctions.functions.list","cloudfunctions.functions.update","cloudfunctions.operations.get","firebase.projects.get","firebasehosting.sites.update"]}
[debug] [2026-06-09T19:53:20.727Z] <<< [apiv2][status] POST https://cloudresourcemanager.googleapis.com/v1/projects/shareshuffle-c7f96:testIamPermissions 200
[debug] [2026-06-09T19:53:20.727Z] <<< [apiv2][body] POST https://cloudresourcemanager.googleapis.com/v1/projects/shareshuffle-c7f96:testIamPermissions {"permissions":["cloudfunctions.functions.create","cloudfunctions.functions.delete","cloudfunctions.functions.get","cloudfunctions.functions.list","cloudfunctions.functions.update","cloudfunctions.operations.get","firebase.projects.get","firebasehosting.sites.update"]}
[debug] [2026-06-09T19:53:20.727Z] Checked if tokens are valid: true, expires at: 1781036251126
[debug] [2026-06-09T19:53:20.727Z] Checked if tokens are valid: true, expires at: 1781036251126
[debug] [2026-06-09T19:53:20.727Z] >>> [apiv2][query] POST https://iam.googleapis.com/v1/projects/shareshuffle-c7f96/serviceAccounts/shareshuffle-c7f96@appspot.gserviceaccount.com:testIamPermissions [none]
[debug] [2026-06-09T19:53:20.727Z] >>> [apiv2][body] POST https://iam.googleapis.com/v1/projects/shareshuffle-c7f96/serviceAccounts/shareshuffle-c7f96@appspot.gserviceaccount.com:testIamPermissions {"permissions":["iam.serviceAccounts.actAs"]}
[debug] [2026-06-09T19:53:21.017Z] <<< [apiv2][status] POST https://iam.googleapis.com/v1/projects/shareshuffle-c7f96/serviceAccounts/shareshuffle-c7f96@appspot.gserviceaccount.com:testIamPermissions 200
[debug] [2026-06-09T19:53:21.017Z] <<< [apiv2][body] POST https://iam.googleapis.com/v1/projects/shareshuffle-c7f96/serviceAccounts/shareshuffle-c7f96@appspot.gserviceaccount.com:testIamPermissions {"permissions":["iam.serviceAccounts.actAs"]}
[debug] [2026-06-09T19:53:21.018Z] Checked if tokens are valid: true, expires at: 1781036251126
[debug] [2026-06-09T19:53:21.018Z] Checked if tokens are valid: true, expires at: 1781036251126
[debug] [2026-06-09T19:53:21.019Z] >>> [apiv2][query] GET https://firebase.googleapis.com/v1beta1/projects/shareshuffle-c7f96 [none]
[debug] [2026-06-09T19:53:21.338Z] <<< [apiv2][status] GET https://firebase.googleapis.com/v1beta1/projects/shareshuffle-c7f96 200
[debug] [2026-06-09T19:53:21.338Z] <<< [apiv2][body] GET https://firebase.googleapis.com/v1beta1/projects/shareshuffle-c7f96 {"projectId":"shareshuffle-c7f96","projectNumber":"507028011652","displayName":"ShareShuffle","name":"projects/shareshuffle-c7f96","resources":{"hostingSite":"shareshuffle-c7f96"},"state":"ACTIVE","etag":"1_2781719d-a586-48ee-87ae-96b8bf527b23"}
[info] 
[info] === Deploying to 'shareshuffle-c7f96'...
[info] 
[info] i  deploying functions, hosting 
[debug] [2026-06-09T19:53:21.341Z] Checked if tokens are valid: true, expires at: 1781036251126
[debug] [2026-06-09T19:53:21.341Z] Checked if tokens are valid: true, expires at: 1781036251126
[debug] [2026-06-09T19:53:21.341Z] >>> [apiv2][query] GET https://cloudresourcemanager.googleapis.com/v1/projects/shareshuffle-c7f96 [none]
[debug] [2026-06-09T19:53:21.435Z] <<< [apiv2][status] GET https://cloudresourcemanager.googleapis.com/v1/projects/shareshuffle-c7f96 200
[debug] [2026-06-09T19:53:21.435Z] <<< [apiv2][body] GET https://cloudresourcemanager.googleapis.com/v1/projects/shareshuffle-c7f96 {"projectNumber":"507028011652","projectId":"shareshuffle-c7f96","lifecycleState":"ACTIVE","name":"ShareShuffle","labels":{"firebase":"enabled","firebase-core":"disabled"},"createTime":"2026-06-01T18:51:39.984Z"}
[info] i  functions: preparing codebase default for deployment 
[info] i  functions: ensuring required API cloudfunctions.googleapis.com is enabled... 
[info] i  functions: ensuring required API cloudbuild.googleapis.com is enabled... 
[info] i  artifactregistry: ensuring required API artifactregistry.googleapis.com is enabled... 
[debug] [2026-06-09T19:53:21.437Z] Checked if tokens are valid: true, expires at: 1781036251126
[debug] [2026-06-09T19:53:21.437Z] Checked if tokens are valid: true, expires at: 1781036251126
[debug] [2026-06-09T19:53:21.437Z] >>> [apiv2][query] GET https://firebase.googleapis.com/v1beta1/projects/shareshuffle-c7f96/adminSdkConfig [none]
[debug] [2026-06-09T19:53:21.601Z] <<< [apiv2][status] GET https://firebase.googleapis.com/v1beta1/projects/shareshuffle-c7f96/adminSdkConfig 200
[debug] [2026-06-09T19:53:21.601Z] <<< [apiv2][body] GET https://firebase.googleapis.com/v1beta1/projects/shareshuffle-c7f96/adminSdkConfig {"projectId":"shareshuffle-c7f96","storageBucket":"shareshuffle-c7f96.firebasestorage.app"}
[debug] [2026-06-09T19:53:21.602Z] Checked if tokens are valid: true, expires at: 1781036251126
[debug] [2026-06-09T19:53:21.602Z] Checked if tokens are valid: true, expires at: 1781036251126
[debug] [2026-06-09T19:53:21.602Z] >>> [apiv2][query] GET https://runtimeconfig.googleapis.com/v1beta1/projects/shareshuffle-c7f96/configs [none]
[debug] [2026-06-09T19:53:21.872Z] <<< [apiv2][status] GET https://runtimeconfig.googleapis.com/v1beta1/projects/shareshuffle-c7f96/configs 200
[debug] [2026-06-09T19:53:21.872Z] <<< [apiv2][body] GET https://runtimeconfig.googleapis.com/v1beta1/projects/shareshuffle-c7f96/configs {}
[debug] [2026-06-09T19:53:21.873Z] Validating nodejs source
[warn] ⚠  functions: Runtime Node.js 20 was deprecated on 2026-04-30 and will be decommissioned on 2026-10-30, after which you will not be able to deploy without upgrading. Consider upgrading now to avoid disruption. See https://cloud.google.com/functions/docs/runtime-support for full details on the lifecycle policy 
[debug] [2026-06-09T19:53:22.528Z] > [functions] package.json contents: {
  "name": "shareshuffle-functions",
  "private": true,
  "type": "module",
  "engines": {
    "node": "20"
  },
  "dependencies": {
    "firebase-functions": "latest"
  }
}
[debug] [2026-06-09T19:53:22.528Z] Building nodejs source
[info] i  functions: Loading and analyzing source code for codebase default to determine what to deploy 
[debug] [2026-06-09T19:53:22.529Z] Could not find functions.yaml. Must use http discovery
[debug] [2026-06-09T19:53:22.543Z] Found firebase-functions binary at '/Users/richwilliams/Documents/GitHub/shareshuffle.github.io/functions/node_modules/.bin/firebase-functions'
[info] Serving at port 8870

[debug] [2026-06-09T19:53:23.206Z] Got response from /__/functions.yaml {"endpoints":{"getPreview":{"availableMemoryMb":256,"timeoutSeconds":10,"minInstances":null,"maxInstances":null,"ingressSettings":null,"concurrency":null,"serviceAccountEmail":null,"vpc":null,"platform":"gcfv2","region":["us-central1"],"labels":{},"httpsTrigger":{},"entryPoint":"getPreview"}},"specVersion":"v1alpha1","requiredAPIs":[],"extensions":{}}
[debug] [2026-06-09T19:53:27.233Z] Checked if tokens are valid: true, expires at: 1781036251126
[debug] [2026-06-09T19:53:27.233Z] Checked if tokens are valid: true, expires at: 1781036251126
[debug] [2026-06-09T19:53:27.233Z] >>> [apiv2][query] GET https://cloudfunctions.googleapis.com/v1/projects/shareshuffle-c7f96/locations/-/functions [none]
[debug] [2026-06-09T19:53:27.767Z] <<< [apiv2][status] GET https://cloudfunctions.googleapis.com/v1/projects/shareshuffle-c7f96/locations/-/functions 200
[debug] [2026-06-09T19:53:27.767Z] <<< [apiv2][body] GET https://cloudfunctions.googleapis.com/v1/projects/shareshuffle-c7f96/locations/-/functions {}
[debug] [2026-06-09T19:53:27.768Z] Checked if tokens are valid: true, expires at: 1781036251126
[debug] [2026-06-09T19:53:27.768Z] Checked if tokens are valid: true, expires at: 1781036251126
[debug] [2026-06-09T19:53:27.768Z] >>> [apiv2][query] GET https://cloudfunctions.googleapis.com/v2/projects/shareshuffle-c7f96/locations/-/functions filter=environment%3D%22GEN_2%22
[debug] [2026-06-09T19:53:28.135Z] <<< [apiv2][status] GET https://cloudfunctions.googleapis.com/v2/projects/shareshuffle-c7f96/locations/-/functions 200
[debug] [2026-06-09T19:53:28.135Z] <<< [apiv2][body] GET https://cloudfunctions.googleapis.com/v2/projects/shareshuffle-c7f96/locations/-/functions {}
[info] i  extensions: ensuring required API firebaseextensions.googleapis.com is enabled... 
[debug] [2026-06-09T19:53:28.135Z] Checked if tokens are valid: true, expires at: 1781036251126
[debug] [2026-06-09T19:53:28.136Z] Checked if tokens are valid: true, expires at: 1781036251126
[debug] [2026-06-09T19:53:28.136Z] >>> [apiv2][query] GET https://serviceusage.googleapis.com/v1/projects/shareshuffle-c7f96/services/firebaseextensions.googleapis.com [none]
[debug] [2026-06-09T19:53:28.136Z] >>> [apiv2][(partial)header] GET https://serviceusage.googleapis.com/v1/projects/shareshuffle-c7f96/services/firebaseextensions.googleapis.com  x-goog-user-project=shareshuffle-c7f96
[debug] [2026-06-09T19:53:28.743Z] <<< [apiv2][status] GET https://serviceusage.googleapis.com/v1/projects/shareshuffle-c7f96/services/firebaseextensions.googleapis.com 200
[debug] [2026-06-09T19:53:28.743Z] <<< [apiv2][body] GET https://serviceusage.googleapis.com/v1/projects/shareshuffle-c7f96/services/firebaseextensions.googleapis.com [omitted]
[warn] ⚠  extensions: missing required API firebaseextensions.googleapis.com. Enabling now... 
[debug] [2026-06-09T19:53:28.744Z] Checked if tokens are valid: true, expires at: 1781036251126
[debug] [2026-06-09T19:53:28.744Z] Checked if tokens are valid: true, expires at: 1781036251126
[debug] [2026-06-09T19:53:28.744Z] >>> [apiv2][query] POST https://serviceusage.googleapis.com/v1/projects/shareshuffle-c7f96/services/firebaseextensions.googleapis.com:enable [none]
[debug] [2026-06-09T19:53:28.744Z] >>> [apiv2][(partial)header] POST https://serviceusage.googleapis.com/v1/projects/shareshuffle-c7f96/services/firebaseextensions.googleapis.com:enable  x-goog-user-project=shareshuffle-c7f96
[debug] [2026-06-09T19:53:29.092Z] <<< [apiv2][status] POST https://serviceusage.googleapis.com/v1/projects/shareshuffle-c7f96/services/firebaseextensions.googleapis.com:enable 200
[debug] [2026-06-09T19:53:29.092Z] <<< [apiv2][body] POST https://serviceusage.googleapis.com/v1/projects/shareshuffle-c7f96/services/firebaseextensions.googleapis.com:enable [omitted]
[debug] [2026-06-09T19:53:39.119Z] > command requires scopes: ["email","openid","https://www.googleapis.com/auth/cloudplatformprojects.readonly","https://www.googleapis.com/auth/firebase","https://www.googleapis.com/auth/cloud-platform"]
[debug] [2026-06-09T19:53:39.119Z] > authorizing via signed-in user (rchwms@gmail.com)
[debug] [2026-06-09T19:53:39.119Z] [iam] checking project shareshuffle-c7f96 for permissions ["firebase.projects.get","firebaseextensions.instances.list"]
[debug] [2026-06-09T19:53:39.119Z] Checked if tokens are valid: true, expires at: 1781036251126
[debug] [2026-06-09T19:53:39.119Z] Checked if tokens are valid: true, expires at: 1781036251126
[debug] [2026-06-09T19:53:39.120Z] >>> [apiv2][query] POST https://cloudresourcemanager.googleapis.com/v1/projects/shareshuffle-c7f96:testIamPermissions [none]
[debug] [2026-06-09T19:53:39.120Z] >>> [apiv2][(partial)header] POST https://cloudresourcemanager.googleapis.com/v1/projects/shareshuffle-c7f96:testIamPermissions  x-goog-user-project=shareshuffle-c7f96
[debug] [2026-06-09T19:53:39.120Z] >>> [apiv2][body] POST https://cloudresourcemanager.googleapis.com/v1/projects/shareshuffle-c7f96:testIamPermissions {"permissions":["firebase.projects.get","firebaseextensions.instances.list"]}
[debug] [2026-06-09T19:53:39.292Z] <<< [apiv2][status] POST https://cloudresourcemanager.googleapis.com/v1/projects/shareshuffle-c7f96:testIamPermissions 200
[debug] [2026-06-09T19:53:39.292Z] <<< [apiv2][body] POST https://cloudresourcemanager.googleapis.com/v1/projects/shareshuffle-c7f96:testIamPermissions {"permissions":["firebase.projects.get","firebaseextensions.instances.list"]}
[debug] [2026-06-09T19:53:39.293Z] Checked if tokens are valid: true, expires at: 1781036251126
[debug] [2026-06-09T19:53:39.293Z] Checked if tokens are valid: true, expires at: 1781036251126
[debug] [2026-06-09T19:53:39.293Z] >>> [apiv2][query] GET https://firebaseextensions.googleapis.com/v1beta/projects/shareshuffle-c7f96/instances pageSize=100&pageToken=
[debug] [2026-06-09T19:53:41.015Z] <<< [apiv2][status] GET https://firebaseextensions.googleapis.com/v1beta/projects/shareshuffle-c7f96/instances 200
[debug] [2026-06-09T19:53:41.015Z] <<< [apiv2][body] GET https://firebaseextensions.googleapis.com/v1beta/projects/shareshuffle-c7f96/instances {}
[info] i  functions: preparing functions directory for uploading... 
[info] i  functions: packaged /Users/richwilliams/Documents/GitHub/shareshuffle.github.io/functions (33.82 KB) for uploading 
[info] i  functions: ensuring required API run.googleapis.com is enabled... 
[debug] [2026-06-09T19:53:41.046Z] Checked if tokens are valid: true, expires at: 1781036251126
[debug] [2026-06-09T19:53:41.046Z] Checked if tokens are valid: true, expires at: 1781036251126
[info] i  functions: ensuring required API eventarc.googleapis.com is enabled... 
[debug] [2026-06-09T19:53:41.046Z] Checked if tokens are valid: true, expires at: 1781036251126
[debug] [2026-06-09T19:53:41.046Z] Checked if tokens are valid: true, expires at: 1781036251126
[info] i  functions: ensuring required API pubsub.googleapis.com is enabled... 
[debug] [2026-06-09T19:53:41.046Z] Checked if tokens are valid: true, expires at: 1781036251126
[debug] [2026-06-09T19:53:41.046Z] Checked if tokens are valid: true, expires at: 1781036251126
[info] i  functions: ensuring required API storage.googleapis.com is enabled... 
[debug] [2026-06-09T19:53:41.046Z] Checked if tokens are valid: true, expires at: 1781036251126
[debug] [2026-06-09T19:53:41.046Z] Checked if tokens are valid: true, expires at: 1781036251126
[debug] [2026-06-09T19:53:41.047Z] >>> [apiv2][query] GET https://serviceusage.googleapis.com/v1/projects/507028011652/services/run.googleapis.com [none]
[debug] [2026-06-09T19:53:41.047Z] >>> [apiv2][(partial)header] GET https://serviceusage.googleapis.com/v1/projects/507028011652/services/run.googleapis.com  x-goog-user-project=507028011652
[debug] [2026-06-09T19:53:41.048Z] >>> [apiv2][query] GET https://serviceusage.googleapis.com/v1/projects/507028011652/services/eventarc.googleapis.com [none]
[debug] [2026-06-09T19:53:41.048Z] >>> [apiv2][(partial)header] GET https://serviceusage.googleapis.com/v1/projects/507028011652/services/eventarc.googleapis.com  x-goog-user-project=507028011652
[debug] [2026-06-09T19:53:41.048Z] >>> [apiv2][query] GET https://serviceusage.googleapis.com/v1/projects/507028011652/services/pubsub.googleapis.com [none]
[debug] [2026-06-09T19:53:41.049Z] >>> [apiv2][(partial)header] GET https://serviceusage.googleapis.com/v1/projects/507028011652/services/pubsub.googleapis.com  x-goog-user-project=507028011652
[debug] [2026-06-09T19:53:41.049Z] >>> [apiv2][query] GET https://serviceusage.googleapis.com/v1/projects/507028011652/services/storage.googleapis.com [none]
[debug] [2026-06-09T19:53:41.049Z] >>> [apiv2][(partial)header] GET https://serviceusage.googleapis.com/v1/projects/507028011652/services/storage.googleapis.com  x-goog-user-project=507028011652
[debug] [2026-06-09T19:53:41.407Z] <<< [apiv2][status] GET https://serviceusage.googleapis.com/v1/projects/507028011652/services/pubsub.googleapis.com 200
[debug] [2026-06-09T19:53:41.407Z] <<< [apiv2][body] GET https://serviceusage.googleapis.com/v1/projects/507028011652/services/pubsub.googleapis.com [omitted]
[info] ✔  functions: required API pubsub.googleapis.com is enabled 
[debug] [2026-06-09T19:53:41.438Z] <<< [apiv2][status] GET https://serviceusage.googleapis.com/v1/projects/507028011652/services/eventarc.googleapis.com 200
[debug] [2026-06-09T19:53:41.438Z] <<< [apiv2][body] GET https://serviceusage.googleapis.com/v1/projects/507028011652/services/eventarc.googleapis.com [omitted]
[warn] ⚠  functions: missing required API eventarc.googleapis.com. Enabling now... 
[debug] [2026-06-09T19:53:41.438Z] Checked if tokens are valid: true, expires at: 1781036251126
[debug] [2026-06-09T19:53:41.438Z] Checked if tokens are valid: true, expires at: 1781036251126
[debug] [2026-06-09T19:53:41.438Z] >>> [apiv2][query] POST https://serviceusage.googleapis.com/v1/projects/507028011652/services/eventarc.googleapis.com:enable [none]
[debug] [2026-06-09T19:53:41.438Z] >>> [apiv2][(partial)header] POST https://serviceusage.googleapis.com/v1/projects/507028011652/services/eventarc.googleapis.com:enable  x-goog-user-project=507028011652
[debug] [2026-06-09T19:53:41.440Z] <<< [apiv2][status] GET https://serviceusage.googleapis.com/v1/projects/507028011652/services/storage.googleapis.com 200
[debug] [2026-06-09T19:53:41.440Z] <<< [apiv2][body] GET https://serviceusage.googleapis.com/v1/projects/507028011652/services/storage.googleapis.com [omitted]
[info] ✔  functions: required API storage.googleapis.com is enabled 
[debug] [2026-06-09T19:53:41.467Z] <<< [apiv2][status] GET https://serviceusage.googleapis.com/v1/projects/507028011652/services/run.googleapis.com 200
[debug] [2026-06-09T19:53:41.467Z] <<< [apiv2][body] GET https://serviceusage.googleapis.com/v1/projects/507028011652/services/run.googleapis.com [omitted]
[warn] ⚠  functions: missing required API run.googleapis.com. Enabling now... 
[debug] [2026-06-09T19:53:41.467Z] Checked if tokens are valid: true, expires at: 1781036251126
[debug] [2026-06-09T19:53:41.467Z] Checked if tokens are valid: true, expires at: 1781036251126
[debug] [2026-06-09T19:53:41.467Z] >>> [apiv2][query] POST https://serviceusage.googleapis.com/v1/projects/507028011652/services/run.googleapis.com:enable [none]
[debug] [2026-06-09T19:53:41.467Z] >>> [apiv2][(partial)header] POST https://serviceusage.googleapis.com/v1/projects/507028011652/services/run.googleapis.com:enable  x-goog-user-project=507028011652
[debug] [2026-06-09T19:53:41.814Z] <<< [apiv2][status] POST https://serviceusage.googleapis.com/v1/projects/507028011652/services/eventarc.googleapis.com:enable 200
[debug] [2026-06-09T19:53:41.814Z] <<< [apiv2][body] POST https://serviceusage.googleapis.com/v1/projects/507028011652/services/eventarc.googleapis.com:enable [omitted]
[debug] [2026-06-09T19:53:42.084Z] <<< [apiv2][status] POST https://serviceusage.googleapis.com/v1/projects/507028011652/services/run.googleapis.com:enable 200
[debug] [2026-06-09T19:53:42.084Z] <<< [apiv2][body] POST https://serviceusage.googleapis.com/v1/projects/507028011652/services/run.googleapis.com:enable [omitted]
[info] i  functions: generating the service identity for pubsub.googleapis.com... 
[debug] [2026-06-09T19:53:52.111Z] Checked if tokens are valid: true, expires at: 1781036251126
[debug] [2026-06-09T19:53:52.111Z] Checked if tokens are valid: true, expires at: 1781036251126
[info] i  functions: generating the service identity for eventarc.googleapis.com... 
[debug] [2026-06-09T19:53:52.111Z] Checked if tokens are valid: true, expires at: 1781036251126
[debug] [2026-06-09T19:53:52.111Z] Checked if tokens are valid: true, expires at: 1781036251126
[debug] [2026-06-09T19:53:52.111Z] >>> [apiv2][query] POST https://serviceusage.googleapis.com/v1beta1/projects/507028011652/services/pubsub.googleapis.com:generateServiceIdentity [none]
[debug] [2026-06-09T19:53:52.111Z] >>> [apiv2][(partial)header] POST https://serviceusage.googleapis.com/v1beta1/projects/507028011652/services/pubsub.googleapis.com:generateServiceIdentity  x-goog-user-project=507028011652
[debug] [2026-06-09T19:53:52.111Z] >>> [apiv2][body] POST https://serviceusage.googleapis.com/v1beta1/projects/507028011652/services/pubsub.googleapis.com:generateServiceIdentity {}
[debug] [2026-06-09T19:53:52.113Z] >>> [apiv2][query] POST https://serviceusage.googleapis.com/v1beta1/projects/507028011652/services/eventarc.googleapis.com:generateServiceIdentity [none]
[debug] [2026-06-09T19:53:52.113Z] >>> [apiv2][(partial)header] POST https://serviceusage.googleapis.com/v1beta1/projects/507028011652/services/eventarc.googleapis.com:generateServiceIdentity  x-goog-user-project=507028011652
[debug] [2026-06-09T19:53:52.113Z] >>> [apiv2][body] POST https://serviceusage.googleapis.com/v1beta1/projects/507028011652/services/eventarc.googleapis.com:generateServiceIdentity {}
[debug] [2026-06-09T19:53:52.814Z] <<< [apiv2][status] POST https://serviceusage.googleapis.com/v1beta1/projects/507028011652/services/eventarc.googleapis.com:generateServiceIdentity 200
[debug] [2026-06-09T19:53:52.814Z] <<< [apiv2][body] POST https://serviceusage.googleapis.com/v1beta1/projects/507028011652/services/eventarc.googleapis.com:generateServiceIdentity {"name":"operations/finished.DONE_OPERATION","done":true,"response":{"@type":"type.googleapis.com/google.api.serviceusage.v1beta1.ServiceIdentity","email":"service-507028011652@gcp-sa-eventarc.iam.gserviceaccount.com","uniqueId":"103540630780850526449"}}
[debug] [2026-06-09T19:53:52.848Z] <<< [apiv2][status] POST https://serviceusage.googleapis.com/v1beta1/projects/507028011652/services/pubsub.googleapis.com:generateServiceIdentity 200
[debug] [2026-06-09T19:53:52.849Z] <<< [apiv2][body] POST https://serviceusage.googleapis.com/v1beta1/projects/507028011652/services/pubsub.googleapis.com:generateServiceIdentity {"name":"operations/finished.DONE_OPERATION","done":true,"response":{"@type":"type.googleapis.com/google.api.serviceusage.v1beta1.ServiceIdentity","email":"service-507028011652@gcp-sa-pubsub.iam.gserviceaccount.com","uniqueId":"114373758524273546072"}}
[debug] [2026-06-09T19:53:52.851Z] Checked if tokens are valid: true, expires at: 1781036251126
[debug] [2026-06-09T19:53:52.851Z] Checked if tokens are valid: true, expires at: 1781036251126
[debug] [2026-06-09T19:53:52.851Z] >>> [apiv2][query] GET https://cloudresourcemanager.googleapis.com/v1/projects/shareshuffle-c7f96 [none]
[debug] [2026-06-09T19:53:53.032Z] <<< [apiv2][status] GET https://cloudresourcemanager.googleapis.com/v1/projects/shareshuffle-c7f96 200
[debug] [2026-06-09T19:53:53.032Z] <<< [apiv2][body] GET https://cloudresourcemanager.googleapis.com/v1/projects/shareshuffle-c7f96 {"projectNumber":"507028011652","projectId":"shareshuffle-c7f96","lifecycleState":"ACTIVE","name":"ShareShuffle","labels":{"firebase":"enabled","firebase-core":"disabled"},"createTime":"2026-06-01T18:51:39.984Z"}
[debug] [2026-06-09T19:53:53.033Z] Checked if tokens are valid: true, expires at: 1781036251126
[debug] [2026-06-09T19:53:53.033Z] Checked if tokens are valid: true, expires at: 1781036251126
[debug] [2026-06-09T19:53:53.033Z] >>> [apiv2][query] GET https://compute.googleapis.com/compute/v1/projects/507028011652 [none]
[debug] [2026-06-09T19:53:53.320Z] <<< [apiv2][status] GET https://compute.googleapis.com/compute/v1/projects/507028011652 403
[debug] [2026-06-09T19:53:53.320Z] <<< [apiv2][body] GET https://compute.googleapis.com/compute/v1/projects/507028011652 {"error":{"code":403,"message":"Compute Engine API has not been used in project 507028011652 before or it is disabled. Enable it by visiting https://console.developers.google.com/apis/api/compute.googleapis.com/overview?project=507028011652 then retry. If you enabled this API recently, wait a few minutes for the action to propagate to our systems and retry.","errors":[{"message":"Compute Engine API has not been used in project 507028011652 before or it is disabled. Enable it by visiting https://console.developers.google.com/apis/api/compute.googleapis.com/overview?project=507028011652 then retry. If you enabled this API recently, wait a few minutes for the action to propagate to our systems and retry.","domain":"usageLimits","reason":"accessNotConfigured","extendedHelp":"https://console.developers.google.com"}],"status":"PERMISSION_DENIED","details":[{"@type":"type.googleapis.com/google.rpc.ErrorInfo","reason":"SERVICE_DISABLED","domain":"googleapis.com","metadata":{"containerInfo":"507028011652","serviceTitle":"Compute Engine API","activationUrl":"https://console.developers.google.com/apis/api/compute.googleapis.com/overview?project=507028011652","service":"compute.googleapis.com","consumer":"projects/507028011652"}},{"@type":"type.googleapis.com/google.rpc.LocalizedMessage","locale":"en-US","message":"Compute Engine API has not been used in project 507028011652 before or it is disabled. Enable it by visiting https://console.developers.google.com/apis/api/compute.googleapis.com/overview?project=507028011652 then retry. If you enabled this API recently, wait a few minutes for the action to propagate to our systems and retry."},{"@type":"type.googleapis.com/google.rpc.Help","links":[{"description":"Google developers console API activation","url":"https://console.developers.google.com/apis/api/compute.googleapis.com/overview?project=507028011652"}]}]}}
[debug] [2026-06-09T19:53:53.320Z] unable to look up default compute service account. Falling back to 507028011652-compute@developer.gserviceaccount.com. Error: {"name":"FirebaseError","children":[],"context":{"body":{"error":{"code":403,"message":"Compute Engine API has not been used in project 507028011652 before or it is disabled. Enable it by visiting https://console.developers.google.com/apis/api/compute.googleapis.com/overview?project=507028011652 then retry. If you enabled this API recently, wait a few minutes for the action to propagate to our systems and retry.","errors":[{"message":"Compute Engine API has not been used in project 507028011652 before or it is disabled. Enable it by visiting https://console.developers.google.com/apis/api/compute.googleapis.com/overview?project=507028011652 then retry. If you enabled this API recently, wait a few minutes for the action to propagate to our systems and retry.","domain":"usageLimits","reason":"accessNotConfigured","extendedHelp":"https://console.developers.google.com"}],"status":"PERMISSION_DENIED","details":[{"@type":"type.googleapis.com/google.rpc.ErrorInfo","reason":"SERVICE_DISABLED","domain":"googleapis.com","metadata":{"containerInfo":"507028011652","serviceTitle":"Compute Engine API","activationUrl":"https://console.developers.google.com/apis/api/compute.googleapis.com/overview?project=507028011652","service":"compute.googleapis.com","consumer":"projects/507028011652"}},{"@type":"type.googleapis.com/google.rpc.LocalizedMessage","locale":"en-US","message":"Compute Engine API has not been used in project 507028011652 before or it is disabled. Enable it by visiting https://console.developers.google.com/apis/api/compute.googleapis.com/overview?project=507028011652 then retry. If you enabled this API recently, wait a few minutes for the action to propagate to our systems and retry."},{"@type":"type.googleapis.com/google.rpc.Help","links":[{"description":"Google developers console API activation","url":"https://console.developers.google.com/apis/api/compute.googleapis.com/overview?project=507028011652"}]}]}},"response":{"statusCode":403}},"exit":1,"message":"Request to https://compute.googleapis.com/compute/v1/projects/507028011652 had HTTP Error: 403, Compute Engine API has not been used in project 507028011652 before or it is disabled. Enable it by visiting https://console.developers.google.com/apis/api/compute.googleapis.com/overview?project=507028011652 then retry. If you enabled this API recently, wait a few minutes for the action to propagate to our systems and retry.","status":403}
[debug] [2026-06-09T19:53:53.321Z] Checked if tokens are valid: true, expires at: 1781036251126
[debug] [2026-06-09T19:53:53.321Z] Checked if tokens are valid: true, expires at: 1781036251126
[debug] [2026-06-09T19:53:53.321Z] >>> [apiv2][query] GET https://firebasehosting.googleapis.com/v1beta1/projects/shareshuffle-c7f96/sites/shareshuffle-c7f96 [none]
[debug] [2026-06-09T19:53:53.999Z] <<< [apiv2][status] GET https://firebasehosting.googleapis.com/v1beta1/projects/shareshuffle-c7f96/sites/shareshuffle-c7f96 200
[debug] [2026-06-09T19:53:53.999Z] <<< [apiv2][body] GET https://firebasehosting.googleapis.com/v1beta1/projects/shareshuffle-c7f96/sites/shareshuffle-c7f96 {"name":"projects/shareshuffle-c7f96/sites/shareshuffle-c7f96","defaultUrl":"https://shareshuffle-c7f96.web.app","type":"DEFAULT_SITE"}
[debug] [2026-06-09T19:53:54.000Z] Checked if tokens are valid: true, expires at: 1781036251126
[debug] [2026-06-09T19:53:54.000Z] Checked if tokens are valid: true, expires at: 1781036251126
[debug] [2026-06-09T19:53:54.000Z] >>> [apiv2][query] POST https://firebasehosting.googleapis.com/v1beta1/projects/-/sites/shareshuffle-c7f96/versions [none]
[debug] [2026-06-09T19:53:54.000Z] >>> [apiv2][body] POST https://firebasehosting.googleapis.com/v1beta1/projects/-/sites/shareshuffle-c7f96/versions {"status":"CREATED","labels":{"deployment-tool":"cli-firebase"}}
[debug] [2026-06-09T19:53:55.877Z] <<< [apiv2][status] POST https://firebasehosting.googleapis.com/v1beta1/projects/-/sites/shareshuffle-c7f96/versions 200
[debug] [2026-06-09T19:53:55.877Z] <<< [apiv2][body] POST https://firebasehosting.googleapis.com/v1beta1/projects/-/sites/shareshuffle-c7f96/versions {"name":"projects/507028011652/sites/shareshuffle-c7f96/versions/2429dcadd35a1463","status":"CREATED","config":{},"labels":{"deployment-tool":"cli-firebase"}}
[debug] [2026-06-09T19:53:55.878Z] Checked if tokens are valid: true, expires at: 1781036251126
[debug] [2026-06-09T19:53:55.878Z] Checked if tokens are valid: true, expires at: 1781036251126
[debug] [2026-06-09T19:53:55.878Z] >>> [apiv2][query] GET https://cloudbilling.googleapis.com/v1/projects/shareshuffle-c7f96/billingInfo [none]
[debug] [2026-06-09T19:53:56.079Z] <<< [apiv2][status] GET https://cloudbilling.googleapis.com/v1/projects/shareshuffle-c7f96/billingInfo 200
[debug] [2026-06-09T19:53:56.079Z] <<< [apiv2][body] GET https://cloudbilling.googleapis.com/v1/projects/shareshuffle-c7f96/billingInfo {"name":"projects/shareshuffle-c7f96/billingInfo","projectId":"shareshuffle-c7f96","billingAccountName":"billingAccounts/014ECC-7CBFC2-DE8A9F","billingEnabled":true}
[debug] [2026-06-09T19:53:56.080Z] [functions] found 1 new HTTP functions, testing setIamPolicy permission...
[debug] [2026-06-09T19:53:56.080Z] Checked if tokens are valid: true, expires at: 1781036251126
[debug] [2026-06-09T19:53:56.080Z] Checked if tokens are valid: true, expires at: 1781036251126
[debug] [2026-06-09T19:53:56.080Z] >>> [apiv2][query] POST https://cloudresourcemanager.googleapis.com/v1/projects/shareshuffle-c7f96:testIamPermissions [none]
[debug] [2026-06-09T19:53:56.080Z] >>> [apiv2][(partial)header] POST https://cloudresourcemanager.googleapis.com/v1/projects/shareshuffle-c7f96:testIamPermissions  x-goog-user-project=shareshuffle-c7f96
[debug] [2026-06-09T19:53:56.080Z] >>> [apiv2][body] POST https://cloudresourcemanager.googleapis.com/v1/projects/shareshuffle-c7f96:testIamPermissions {"permissions":["cloudfunctions.functions.setIamPolicy"]}
[debug] [2026-06-09T19:53:56.147Z] <<< [apiv2][status] POST https://cloudresourcemanager.googleapis.com/v1/projects/shareshuffle-c7f96:testIamPermissions 200
[debug] [2026-06-09T19:53:56.147Z] <<< [apiv2][body] POST https://cloudresourcemanager.googleapis.com/v1/projects/shareshuffle-c7f96:testIamPermissions {"permissions":["cloudfunctions.functions.setIamPolicy"]}
[debug] [2026-06-09T19:53:56.147Z] [functions] found setIamPolicy permission, proceeding with deploy
[debug] [2026-06-09T19:53:56.148Z] Checked if tokens are valid: true, expires at: 1781036251126
[debug] [2026-06-09T19:53:56.148Z] Checked if tokens are valid: true, expires at: 1781036251126
[debug] [2026-06-09T19:53:56.148Z] >>> [apiv2][query] POST https://cloudfunctions.googleapis.com/v2/projects/shareshuffle-c7f96/locations/us-central1/functions:generateUploadUrl [none]
[debug] [2026-06-09T19:53:57.621Z] <<< [apiv2][status] POST https://cloudfunctions.googleapis.com/v2/projects/shareshuffle-c7f96/locations/us-central1/functions:generateUploadUrl 200
[debug] [2026-06-09T19:53:57.621Z] <<< [apiv2][body] POST https://cloudfunctions.googleapis.com/v2/projects/shareshuffle-c7f96/locations/us-central1/functions:generateUploadUrl {"uploadUrl":"https://storage.googleapis.com/gcf-v2-uploads-507028011652.us-central1.cloudfunctions.appspot.com/388cb2b9-65c4-49c0-90ef-b4d74e6589c4.zip?GoogleAccessId=service-507028011652@gcf-admin-robot.iam.gserviceaccount.com&Expires=1781036637&Signature=UP99QpJErEGlVsfJ8eEsf0mK2M5Xx1DJUOUUpl2n%2FOt7y15q0espjuA5%2Ffvbm7cgWbKbh8MrdDEIHlYkUYJy3kA%2BiFGMG0ZuZCTWMzO62%2Blis%2FaSQs4flr7FhGVPUlpUOdIdlgz%2FkqddF%2BYmerFT%2BIEekf1oIrMeH3X4Pv%2BvBnTL8ztLrm8ZcX2OrDydL6b3ACs2tXlkc8O5EdVORJ54o6T0n%2F%2BM03rEpSYtS49fSlW7LpcIBsonTiE0ktM6ZCgaczxG%2ByHD5I384e0nTBtGCCziuRrUe0x7zQ0fepSW2ywCpeaRFdOuB%2FK4xrA240U%2Be2NQ6oFwqYbpi%2BUmjNuvnA%3D%3D","storageSource":{"bucket":"gcf-v2-uploads-507028011652.us-central1.cloudfunctions.appspot.com","object":"388cb2b9-65c4-49c0-90ef-b4d74e6589c4.zip"}}
[debug] [2026-06-09T19:53:57.622Z] >>> [apiv2][query] PUT https://storage.googleapis.com/gcf-v2-uploads-507028011652.us-central1.cloudfunctions.appspot.com/388cb2b9-65c4-49c0-90ef-b4d74e6589c4.zip GoogleAccessId=service-507028011652%40gcf-admin-robot.iam.gserviceaccount.com&Expires=1781036637&Signature=UP99QpJErEGlVsfJ8eEsf0mK2M5Xx1DJUOUUpl2n%2FOt7y15q0espjuA5%2Ffvbm7cgWbKbh8MrdDEIHlYkUYJy3kA%2BiFGMG0ZuZCTWMzO62%2Blis%2FaSQs4flr7FhGVPUlpUOdIdlgz%2FkqddF%2BYmerFT%2BIEekf1oIrMeH3X4Pv%2BvBnTL8ztLrm8ZcX2OrDydL6b3ACs2tXlkc8O5EdVORJ54o6T0n%2F%2BM03rEpSYtS49fSlW7LpcIBsonTiE0ktM6ZCgaczxG%2ByHD5I384e0nTBtGCCziuRrUe0x7zQ0fepSW2ywCpeaRFdOuB%2FK4xrA240U%2Be2NQ6oFwqYbpi%2BUmjNuvnA%3D%3D
[debug] [2026-06-09T19:53:57.622Z] >>> [apiv2][body] PUT https://storage.googleapis.com/gcf-v2-uploads-507028011652.us-central1.cloudfunctions.appspot.com/388cb2b9-65c4-49c0-90ef-b4d74e6589c4.zip [stream]
[debug] [2026-06-09T19:53:57.950Z] <<< [apiv2][status] PUT https://storage.googleapis.com/gcf-v2-uploads-507028011652.us-central1.cloudfunctions.appspot.com/388cb2b9-65c4-49c0-90ef-b4d74e6589c4.zip 200
[debug] [2026-06-09T19:53:57.950Z] <<< [apiv2][body] PUT https://storage.googleapis.com/gcf-v2-uploads-507028011652.us-central1.cloudfunctions.appspot.com/388cb2b9-65c4-49c0-90ef-b4d74e6589c4.zip [omitted]
[info] ✔  functions: functions source uploaded successfully 
[info] i  hosting[shareshuffle-c7f96]: beginning deploy... 
[info] i  hosting[shareshuffle-c7f96]: found 222 files in . 
[debug] [2026-06-09T19:53:57.984Z] [hosting] uploading with 200 concurrency
[debug] [2026-06-09T19:53:57.985Z] [hosting] hash cache [] not populated
[debug] [2026-06-09T19:53:59.923Z] Checked if tokens are valid: true, expires at: 1781036251126
[debug] [2026-06-09T19:53:59.923Z] Checked if tokens are valid: true, expires at: 1781036251126
[debug] [2026-06-09T19:53:59.925Z] [hosting] hash cache [] stored for 222 files
[debug] [2026-06-09T19:53:59.925Z] [hosting][hash queue][FINAL] {"max":1911,"min":7,"avg":28.56756756756757,"active":0,"complete":222,"success":222,"errored":0,"retried":0,"total":222,"elapsed":1938}
[debug] [2026-06-09T19:53:59.925Z] >>> [apiv2][query] POST https://firebasehosting.googleapis.com/v1beta1/projects/507028011652/sites/shareshuffle-c7f96/versions/2429dcadd35a1463:populateFiles [none]
[debug] [2026-06-09T19:53:59.926Z] >>> [apiv2][body] POST https://firebasehosting.googleapis.com/v1beta1/projects/507028011652/sites/shareshuffle-c7f96/versions/2429dcadd35a1463:populateFiles {"files":{"/support:index.html":"bbcf5bf20c1f551bd2550fd2516e26f23238968f192571b93e80aa15b94af5ae","/robots.txt":"68d8ea9a1698426a928b98a6c00118ba9b205fe5ce814c7e74394f3fe3eea891","/manifest.json":"9478e3e212f8001fb56d045b9a800e40744a546a62dd068b5e8925c4211e33d8","/manifest.webmanifest":"09ce2cb53a9a284bff0b2d1f67549d605587c2b2c6f7de834d5efbe4e5198122","/shareshuffle-shelves-popup-patch.zip":"e4a5f0a961821091ff6f632df7d78ec718fca1b26a0c88a70983d2f92c8f1499","/sitemap.html":"f15a2e05e1daec7290cd24d0e1dcd75375c49e6508f47b6a6f4af5d44cec7823","/icons.html":"5b337262d8c7ecb64b404e8338a77fa1575204d7d44f9cda7083082e175e6e84","/investor.html":"e3175568e9ce21f1a9397e2f70f4cf94523af41a9c00885144e018918405dde9","/firestore.indexes.json":"3696cde9e17c469b2b056668cabcbabb63f608186d4249c75fcbdc4265c3a64f","/firestore.rules":"0f8002b822fdaddeac366fcf4edfa007477ebbdf32a1b9c293339d6010dd889f","/shelf.html":"be4cc5a8f913de046e3ca089c7609736b93c90c9a798fc78430f94cb686995f8","/index.html":"819b4e136824dd0cd59ecd4d35c057efa65802de92bc01750bd01fc21eb94087","/favicon-32x32.ico.png":"7653d99e8282f7253a4079eb1b6ac9ba636d52a1f5e72820c78985a2810442c8","/favicon-16x16.ico.png":"5e78b99f6e22283f5e3e48966a911bc31e662e34d0896e39281cea95d0357797","/favicon-48x48.ico.png":"4adfea9cddde227b86a0013e02fe45dac9e7674866eb1ef7ec330f17f43ff070","/demo-old.html":"107074a97a6811f4ddba464d9aa6e2b10386dfd1c81b08d8701c0b442011ed95","/control.html":"55bb6ef201910b1c993d09fe8030f369f13782a7ef0a56c1ac50c7a5b0f91ab8","/dashboard.html":"e2bce05047b96471c8fa03ce0b7a1ae648b13eac4719d8f1532ada638e86df82","/admin.html":"faf9b26d3520af61be6aa410a3a8df141591a14616d7bd7b49ea3fdaf4a0447b","/SHARESHUFFLE_ARCHIVE14_METADATA_PREVIEW_NOTES.txt":"4a633ef71b25613b58515779064d73315eb00fee1879becd28ce3560bd7222c6","/share.html":"c2b2da1beb47473204f6512a45e5b2704673373846e2800e2ab15401bbf0a4b3","/SUPPORT_FIRESTORE_RULES_NOTE.txt":"3e1de1e61ce91913a27b5043effafe35abf4fbc4457025aad766ca7fa0467940","/REFACTOR_NOTES_ARCHIVE9.txt":"200f0b1f9e53dc0fbca729941e9d1ce15744a06a64dddcb5be1583e0cc0928fb","/SHARESHUFFLE_ARCHIVE12_REFACTOR_SUMMARY.txt":"cf02fe20fbd6b49eee8dbd4361f187957602ce2afa1544c57d72735579ef35c8","/REFACTOR_NOTES.txt":"a96562627601a3b0361d786fca7267fcff81b43a9a974dda00bb40d940353f71","/brand.html":"a29fffddf1865f78600767e8c1a260bd1c895fa01db8f2b4957a8d76e57ae7d2","/CNAME":"33669666b79cefca9bfd0f70b44bf7d2770b7eeb537098dc0fe90cdf50e84e92","/PWA_APP_IMPLEMENTATION_NOTES.txt":"f119df17ded70ef2df403976b9c749ef7b152e9310f0caeaa9baa048679208b5","/FIRESTORE_RULES_DELETE_NOTE.txt":"caebda5f621d19d728555a2cef88fac37040e2558e43f86ff43f03717de1f906","/FIREBASE_GITHUB_RULES_README.md":"0a58e3e83dc2493a92adc6f453306a10f0e645b1a850ad2380c350041ad817d6","/shareshuffle-shelves-popup-patch/styles-upgraded.css":"1be71525d0d65f3df705f90df792dc07564a9ad6e170defa232ad0d8c30668c3","/shareshuffle-shelves-popup-patch/popup-upgraded.js":"3a0d9c1edef66d503d2d6f7e57250150031f33e3a932bb56cea6bf2674ed6f09","/shareshuffle-shelves-popup-patch/shelf.html":"8fe18e868d3a8dfda2d06ff1be04559f5206c8a34db6966e745c10d317129ccd","/shareshuffle-extension/untitled.txt":"8d10f1a8033a6b19b2b02a680eb2e09f135b672e38b52511d293a0e854edc1ec","/support/index.html":"ec93904a673e5d15752b43fcead12e310bf553163a4862e25d73d469e32a6c7e","/shareshuffle-extension/untitled-2.txt":"1b9e29b575211d45c809dd30a1512e486610b35e32b6127a42a0e323ff7ef6d1","/shareshuffle-shelves-popup-patch/README-ShareShuffle-patch.txt":"60c8f7b51dc7bf7385ec0e38a2bc6a183200115ba14f32435f681b6e95bf59da","/shareshuffle-shelves-popup-patch/popup-upgraded.html":"651e7c00b9e958d89f87684e5b519e9ae465c1bdb1746abd29c7222214d926db","/shareshuffle-extension/styles.css":"a8d258ec081edf62a88bfbae7eb3f8b84397cdf7d0532f25c4f0324134b89182","/shareshuffle-extension/i really wwant this":"e60c7a47d2dde6f765aaca593da6df281a38070725193c0d746a00806958c2c2","/shareshuffle-extension/popup.html":"f2020f08fa34e906bb577a629ea687c29ddb19596cec59257dff05e55c1d6ae2","/shareshuffle-extension/manifest.json":"3a726de00bea4252a6d569c610a0c527015e5478c49b4b280341a85399f3daa5","/demo-20260604.html":"fa793ee3220be0e74bfd22ca89d4f5aa5333910623e068fe142c45bc5ab5d428","/shareshuffle-extension/firebase-config.js":"d08f12f3bbf7fc47532a0636b18ec6192b53a0c76db234fa0a8cf58cd631d896","/shareshuffle-extension/share.html":"bf21e58d08f9465f43718b4b7c98742f19db1eb85c10a03c0ef12b9cfe132606","/shareshuffle-extension/index.html":"cfd889f20f894f14a8cb22e241c69f1493b1f7422eef5d527fce6974d3eb068d","/shareshuffle-extension/favicon-48x48.ico.png":"4adfea9cddde227b86a0013e02fe45dac9e7674866eb1ef7ec330f17f43ff070","/shareshuffle-extension/popup.js":"101a476576a451b41030470c0e41f0098ba7512d02eed817eac9fd8952fedad6","/demo.html":"6c9ebbd548ad08b9ed495cc257130807b06cf7d2d587c303a4464f59c5d7c4f3","/favicon-128x128.ico.png":"10ce66f4619094c904ca0d8e3e1b3e5460d54201c651024926f2d8bcc1862824","/shareshuffle-extension/dashboard.html":"f1b651238a58fe290baec6c5e32f3bdb1943dd2bd582f02569231f7a757c7837","/shareshuffle-extension/favicon-32x32.ico.png":"7653d99e8282f7253a4079eb1b6ac9ba636d52a1f5e72820c78985a2810442c8","/shareshuffle-extension/favicon-16x16.ico.png":"5e78b99f6e22283f5e3e48966a911bc31e662e34d0896e39281cea95d0357797","/shareshuffle-extension/This agent explains why smart people can look at t":"9f81c08930493677ad1ac2b198a0ae3f4d3b017a2f86cea2ef1678b472dab015","/shareshuffle-extension/README-ShareShuffle-patch.txt":"60c8f7b51dc7bf7385ec0e38a2bc6a183200115ba14f32435f681b6e95bf59da","/shareshuffle-extension/background.js":"011101ebc8befc894445687d8e73d1e6ef8350349b1db0c9d2e7e99d8cc786ec","/shareshuffle-extension/2026-06-02-styles.css":"36fe1ee019f37f619c0c6460649785269a69bbf1d14cb13de7e0370b87635eda","/shareshuffle-extension/--------0-------------------2-------":"dfb6ef32ea3b6d5f3f483385078817975c74dbba213c6a327dcf7c1a74fbec9b","/shareshuffle-extension/2026-06-02-popup.js":"6b14bdfc516837250fa1cf9b81c9b7effeb70534b99f1b40c949a633715ee3fd","/shareshuffle-extension/2026-06-02-popup.html":"116fe8bf6ed8592b35381ea4830853afde8decef40c1486e46d2c2194ba0883f","/shareshuffle-extension/icons/network-bw-32.png":"ea73fdc6b68e252470f86d095e9f75a59e66b5d37339667c56acb18886246f66","/shareshuffle-extension/icons/network-bw-64.png":"c280a90e9989e4f1d24b20a990646d2eb9895691c9d85e07741a2a2ec8cc745d","/shareshuffle-extension/icons/network-bw-24.png":"e3a8b09dd6c7b36e770ff2d4fa196fcb55b721fb2afd57067dbd038c5c5393be","/shareshuffle-extension/icons/icon64a.png":"c5632ae188cab39f434c98e55af483282c5310a7753812ea5c9d3956cef17a64","/shareshuffle-extension/icons/network-bw-256.png":"4c5753439e7c2ccfa7d89d65b374bd96c054c3c36c938dbfd8a69b93a13665ef","/shareshuffle-extension/icons/network-bw-128.png":"f3aed940df107fefb461815ccb6fd4cf6406c87cf0d600cf874485b89ea3fcc3","/shareshuffle-extension/icons/network-bw-16.png":"28f840df70cdd871b2ac50c0683fcb0dc82bf969aa167599aa95b010c93b6d35","/shareshuffle-extension/icons/icon32a.png":"85f5a650465c06ca58143c56803add4775968e92118024238b69dc61b2817127","/shareshuffle-extension/icons/icon64.png":"26c9895244efb0ffdbfc6eb1128d85d02a9fa159454e1708dbb16672b02a099b","/shareshuffle-extension/icons/icon32.png":"8c819c68addeff3a936b00685d856d8c8f09a609e991f2c04573b07ab2a64f73","/shareshuffle-extension/icons/icon32-dark.png":"5dc31cf89fc88b199e39f872d45daeb3f63e5e384be3f3addb955544b98396eb","/shareshuffle-extension/icons/icon24a.png":"8eb3a8b601d40be2d9f7193e2fca5e2ff778df7f5aed137d67a194fb1bc005ac","/shareshuffle-extension/icons/icon24-dark.png":"eb95c912c92091a542f8d7a2b38c516feb9a0175fe9f83e5f9a819c825ab9084","/shareshuffle-extension/icons/icon256.png":"69ee6248f6f3a54d18b35c34ce5f54f0b47fd64220c37c8d2ca180d2f692e79b","/shareshuffle-extension/icons/icon256-square.png":"f59cb366c1a45bb040450ba7a8e7aa39eace7551384e853172f934d35a68b5dd","/shareshuffle-extension/icons/icon16a.png":"13d2e71bc43faa57189de6fed4981abf05bbca80ed83141cf8515c5ef6f034fe","/shareshuffle-extension/icons/icon16.png":"9ff3c288e6019a90ebafdc6825452c3f5de62a696e23112b3ef8fc381404580a","/shareshuffle-extension/icons/icon24.png":"b54c6c35fb5a72d8d9aef27513fbba1d5ed711187adcabf6e61d1c00bf58e168","/shareshuffle-extension/icons/icon16-dark.png":"82f5587205a55493f26e63fa3e8c4c02d455b77ed9430a46bb3696890e1e9c06","/shareshuffle-extension/icons/icon167-square.png":"0609e8659613a3135a20c942cb42c5f3a35f69de07ae43d82ef2c1a980cc08c1","/shareshuffle-extension/icons/icon128.png":"4dc9ad37e70bb53dfa988313e215ab29aea099504f55e97834ef344309644fa4","/shareshuffle-extension/icons/icon192-square.png":"ebdf97d22ff06f3ca2e9f75386bb590eb241d79a9b4adaf4942735bdd894931e","/shareshuffle-extension/icons/icon180-square.png":"b1ff235bd9b5f10d54e0886a714863d925ec848761f240b5a2b67922ddf7ceec","/shareshuffle-extension/icons/icon128-circle.png":"715adf69c5ee548925e317e0f5ac40436c867968162311a74bb7d2ac06ead711","/shareshuffle-extension/icons/icon128-square.png":"c81b955942a8d9e3b598c524c06f72636abb38668a11193134a51c31b7b3e624","/shareshuffle-extension/icons/icon120-square.png":"3f826fc0db67c23433cc9ee8a793342bfd187a65188267ba4c3745a227b1316a","/shareshuffle-extension/icons/icon152-square.png":"083b8d19504d20899e5435d752eb9a6181c667b2d5f5ab4a7c76f8f1d51ced58","/shareshuffle-extension/icons/old/icon48.png":"4adfea9cddde227b86a0013e02fe45dac9e7674866eb1ef7ec330f17f43ff070","/shareshuffle-extension/icons/old/icon32.png":"7653d99e8282f7253a4079eb1b6ac9ba636d52a1f5e72820c78985a2810442c8","/shareshuffle-extension/icons/old/icon16.png":"5e78b99f6e22283f5e3e48966a911bc31e662e34d0896e39281cea95d0357797","/shareshuffle-extension/icons/network-bw-512.png":"fe0c6541d90acffebb40cd6cd6d33705e8ea7e400dc87d45546525b715f63912","/shareshuffle-extension/icons/icon512.png":"420494b11725776016e17d217a35cf14270c206fc4bb4589cc4a7ef32519eeb4","/shareshuffle-extension/icons/icon256-circle.png":"12e8593d7bfe1eaef6cde26263ddbd6c36186502964393d00d4397d726310739","/shareshuffle-extension/icons/icon512-square.png":"5f6f8fef87fee7b0996b2a31670ebc462b0d4bddf48c1f7b31414645f82963fb","/shareshuffle-extension/favicon-128x128.ico.png":"10ce66f4619094c904ca0d8e3e1b3e5460d54201c651024926f2d8bcc1862824","/privacy/index.html":"af306ce3b9bcd355b562da9ba45b94312959f196f0399e9c7f99405824758974","/shareshuffle-extension/icons/icon512-circle.png":"6387f59d95ff8369ee4883f8fe042e9189fedff8ccc306c68b8bebacc3c50f5d","/icons/network-bw-64.png":"c280a90e9989e4f1d24b20a990646d2eb9895691c9d85e07741a2a2ec8cc745d","/shareshuffle-extension/icons/old/icon128.png":"10ce66f4619094c904ca0d8e3e1b3e5460d54201c651024926f2d8bcc1862824","/icons/network-bw-32.png":"ea73fdc6b68e252470f86d095e9f75a59e66b5d37339667c56acb18886246f66","/icons/network-bw-24.png":"e3a8b09dd6c7b36e770ff2d4fa196fcb55b721fb2afd57067dbd038c5c5393be","/icons/network-bw-16.png":"28f840df70cdd871b2ac50c0683fcb0dc82bf969aa167599aa95b010c93b6d35","/icons/network-64.png":"e74ae2c7c5a0054498a71388a78f84a0ee657b25cd7ad478bf758a3566bc5e28","/icons/network-32.png":"dfe993ae6a0d049b72642afc922764af8b7cb80bcefa1988a3ff7bfb17c34c45","/icons/network-bw-128.png":"f3aed940df107fefb461815ccb6fd4cf6406c87cf0d600cf874485b89ea3fcc3","/icons/network-bw-256.png":"4c5753439e7c2ccfa7d89d65b374bd96c054c3c36c938dbfd8a69b93a13665ef","/icons/network-24.png":"3f52ec38717edcf78ff6bd6381ba2f9507061c98d07f744b159d4285eb2fe599","/icons/network-256.png":"3089ce50cd716e6197aadc36fb67cae1d70d648308bf43cc80c7e30e4239a8d1","/icons/network-128.png":"c17e6f68fa92fc05ea5cfa7cd0ed84965b575173beb5b0b9da095db04dc5f47a","/icons/icon64a.png":"c5632ae188cab39f434c98e55af483282c5310a7753812ea5c9d3956cef17a64","/icons/network-16.png":"2aca2ed045060fb2b77289a2c41daf40935afb6afcacc3b40695d79e5ab555db","/icons/icon64.png":"26c9895244efb0ffdbfc6eb1128d85d02a9fa159454e1708dbb16672b02a099b","/icons/icon32a.png":"85f5a650465c06ca58143c56803add4775968e92118024238b69dc61b2817127","/icons/icon32.png":"8c819c68addeff3a936b00685d856d8c8f09a609e991f2c04573b07ab2a64f73","/icons/icon32-dark.png":"5dc31cf89fc88b199e39f872d45daeb3f63e5e384be3f3addb955544b98396eb","/icons/icon256.png":"69ee6248f6f3a54d18b35c34ce5f54f0b47fd64220c37c8d2ca180d2f692e79b","/icons/icon24a.png":"8eb3a8b601d40be2d9f7193e2fca5e2ff778df7f5aed137d67a194fb1bc005ac","/icons/icon24-dark.png":"eb95c912c92091a542f8d7a2b38c516feb9a0175fe9f83e5f9a819c825ab9084","/icons/icon24.png":"b54c6c35fb5a72d8d9aef27513fbba1d5ed711187adcabf6e61d1c00bf58e168","/icons/icon256-square.png":"f59cb366c1a45bb040450ba7a8e7aa39eace7551384e853172f934d35a68b5dd","/icons/icon192-android.png":"2ec717e4e6894e07f158404e7a3e4415e25da38d2f1b1e4ec25481f3fff09aa1","/icons/icon192-square.png":"ebdf97d22ff06f3ca2e9f75386bb590eb241d79a9b4adaf4942735bdd894931e","/icons/icon192.png":"69ee6248f6f3a54d18b35c34ce5f54f0b47fd64220c37c8d2ca180d2f692e79b","/icons/icon16a.png":"13d2e71bc43faa57189de6fed4981abf05bbca80ed83141cf8515c5ef6f034fe","/icons/icon167-square.png":"0609e8659613a3135a20c942cb42c5f3a35f69de07ae43d82ef2c1a980cc08c1","/icons/icon16.png":"9ff3c288e6019a90ebafdc6825452c3f5de62a696e23112b3ef8fc381404580a","/icons/icon180-square.png":"b1ff235bd9b5f10d54e0886a714863d925ec848761f240b5a2b67922ddf7ceec","/icons/icon16-dark.png":"82f5587205a55493f26e63fa3e8c4c02d455b77ed9430a46bb3696890e1e9c06","/icons/icon180-iphone.png":"670995438efe157d37d744fa5abacd9f15c62c0192bcea6cada56d7c2c28a60c","/icons/network-bw-512.png":"fe0c6541d90acffebb40cd6cd6d33705e8ea7e400dc87d45546525b715f63912","/icons/icon152-square.png":"083b8d19504d20899e5435d752eb9a6181c667b2d5f5ab4a7c76f8f1d51ced58","/icons/icon128.png":"4dc9ad37e70bb53dfa988313e215ab29aea099504f55e97834ef344309644fa4","/icons/network-512.png":"2631ec106ad14d1b54b0760a415040b77a2a66d95517cd2f26c5ed2d992b984a","/icons/icon128-square.png":"c81b955942a8d9e3b598c524c06f72636abb38668a11193134a51c31b7b3e624","/icons/icon512.png":"420494b11725776016e17d217a35cf14270c206fc4bb4589cc4a7ef32519eeb4","/icons/icon512-square.png":"5f6f8fef87fee7b0996b2a31670ebc462b0d4bddf48c1f7b31414645f82963fb","/icons/icon120-square.png":"3f826fc0db67c23433cc9ee8a793342bfd187a65188267ba4c3745a227b1316a","/icons/icon128-circle.png":"715adf69c5ee548925e317e0f5ac40436c867968162311a74bb7d2ac06ead711","/icons/icon256-circle.png":"12e8593d7bfe1eaef6cde26263ddbd6c36186502964393d00d4397d726310739","/icons/old/icon48.png":"4adfea9cddde227b86a0013e02fe45dac9e7674866eb1ef7ec330f17f43ff070","/shareshuffle-extension/icons/icon1024-square.png":"d0767113ec5be6e2db15cbfe6b78a27ca49fa7d04a0c9576090627cfb54bfd76","/icons/old/icon32.png":"7653d99e8282f7253a4079eb1b6ac9ba636d52a1f5e72820c78985a2810442c8","/icons/icon512-circle.png":"6387f59d95ff8369ee4883f8fe042e9189fedff8ccc306c68b8bebacc3c50f5d","/icons/old/icon16.png":"5e78b99f6e22283f5e3e48966a911bc31e662e34d0896e39281cea95d0357797","/functions/package.json":"2def0795beeb020edd073e7671660dabdb8b58867ac5b03cfd358c5d3438e591","/icons/icon512-pwa-store-icon.png":"1b86dc4ea620ac9a22ecc4197e2f8b6d0f30ee6c24f03b7ef4236ebcadadf04f","/functions/index.js":"0ff76838fe65be909d1c02148af0d752a1848793a05fd389f9c8a7b3427561d8","/assets/share-core.js":"f3725103e51603b2b253b52f5bd315725a9f614e341af492d2724f74d8429603","/assets/brand.css":"9d07e269bff8a129b0c2ea4710397ed9e20e93cfa96c068d8a090edc900f20d3","/.github/workflows/firebase-rules.yml":"3be2c8a78039f8adbf55ce824126a835f19234a9171d605e5dc3e75103fc96ee","/.git/config":"46d6c8002aa269a99a103ae15f1f0ada8c5a6092c529f1e03be7ae044029a311","/app/share-target.html":"353c5c523923555d7b1c756ec43000c9013141d1f867656163ff7589f73f33af","/.git/packed-refs":"f46e3824673b5d37aae077972488d634ca93a5675859971500ae631b8322bfd5","/.git/description":"d80717aec73322e5b189c52f5d2f13033fd07d1702a21c5395583d89cf7c8c2d","/.git/HEAD":"a39dc51e21d1523cdef2091e7c7ab30a33ad42a7cd5da1f45139746e5c24b667","/.git/COMMIT_EDITMSG":"04fc7d8a07b054817f842c421ff17d054bdc185a4003de465f5c6232bbe0d930","/app/index.html":"16f845be2180b7addbeb49a6ced8ffedcdf93149a6c38386c3a7ec9db996e770","/.git/refs/remotes/origin/main":"29aab94444f02212842ee8da278752aabdd1ded3a22b71ae3b18a374501cb2d6","/.git/FETCH_HEAD":"d6f95c76a55fa3012e3f2b22038ac27e869393cecffedeb85db5cff935ee2048","/.git/index":"7c721ff38f4696c39b5850d13e5c9b0d006439040beb3cdff3f668798a2a4eee","/.git/refs/heads/main":"29aab94444f02212842ee8da278752aabdd1ded3a22b71ae3b18a374501cb2d6","/.git/refs/remotes/origin/HEAD":"0f5d56efe56c5dcabb387d965aad58d0f60a3b7485cb9b04bef04b93bebf911e","/.git/objects/pack/pack-5391fa70bfed2c9673f550cf049d6024309ebfb5.rev":"5fc7c899e2a1797a2baee36ce60c377568d9f9fb91db26482ce55eeafa64f32e","/.git/objects/ff/65058c7ec1163047375769918eb83b14d2ee9a":"40b33984303ace551ee90b6a0c2039b2e17af770a0e143d0654cf9b1d90314ea","/.git/objects/f9/04d72ee4ccfbf17f0e2067ebedc2f5833bf9cd":"46e094a6d80576ec05debfe5847a0ceebfdc86f2065d6a4587eddc0fea7463e2","/.git/objects/pack/pack-5391fa70bfed2c9673f550cf049d6024309ebfb5.idx":"aabb27d6c5222c8ea56115eef5d4f27ed5ab895cb093ec34cd637ff51723a3e7","/.git/objects/f4/a3c27f9fcbcf7d46b4529caf6fb6b252eb5e21":"11189bef00c69ed2b59279991fa094295c9b2876aff79d293c9a6db4db4d280e","/.git/objects/e7/d9a40a364a275f8622d8e976141cefa4073bb1":"a387a4c17b6672415af70d557f2ab46b9140fdf10af90706399d1ce64457d643","/.git/objects/f3/8c888f48d1c4ab10c856d96085c5da8cab9cfc":"dfa608904691640beddf9340b0393751784b6f1845c3d414f6cf056cbef2e7a8","/.git/objects/fb/1889be3ecc86a206ae088382bd5b5255770d8f":"94e2084b65516b143ca263b566a49a5d41edd7382b675453e16592080407437f","/.git/objects/d7/61fc8e35085762152188bf1fa95211e291664c":"fb4380cb2085ebc34ba27f614c7245a603418843439a6c55c3ff045f2f23be79","/.git/objects/da/8381c9b055e547509996a731f69f5fa1e567cc":"9b6deb09235626ec611933af045e786db8f0081f71ce0c3f2954f8430d17fb8b","/.git/objects/d4/78e93c91540625aebf1e78791ed52467100a43":"f100e07fddd45fed18d57ca85e5ce0c1f05a2d30a29c0432c9011a5cf8b25308","/.git/objects/d3/887ca2e9416f158f90705a7ae61fc63869c716":"18139e580e0d850947a86b0ac7a8ecb0fad65cd3bf2b4b0dcb2a1176be4b6c43","/.git/objects/d3/8de50a7dcf6a8068f61d38f5667a32649f12f8":"4f04cd63e7b3c8a9ebe2c2824ea85f99b4994f42d2640ffaa0d799bd3241bb44","/icons/old/icon128.png":"10ce66f4619094c904ca0d8e3e1b3e5460d54201c651024926f2d8bcc1862824","/.git/objects/bb/6c2845f6a8993168599271932a2378131204ec":"e26086d9209f3e3d3bc25e6627dddddce9035a310bca6e6769fbaa243452e5bd","/.git/objects/b7/f2c56ab93bd6b0e35df194692e0e193bdbd6bd":"64929c4a3c1c8936ed4637734c357d1bbb31ff28c4b40ad35b5201eb7357c90b","/.git/objects/b8/920359a12579dd1a6e9500caaccf032d378373":"e70fe30a61293667a28763c490bc4145a6f1b311a74cd75c3d4b0695559b6910","/.git/objects/a3/b3758d72e9a33f1541a83c3027a5388ece6eb0":"3590d1154db74629e8c875395ac8069e2712537584b7e995cf8dce303fddaa9c","/.git/objects/80/5ce667c854340a1cf9a2d6c854b6939b97e576":"0dd7b2e01cd239c2e95163086f45b4074cc2c2f0479a2c7887ba07b7e93646b1","/.git/objects/8e/a25e4f9813d47606fc75a2cdda98cff1ef315f":"3196da819453e10a6284a8297f5d0c2daedf2584e5bcee64212a3e8d9be9d90c","/.git/objects/8e/6496f981bc8cde46ba78d9a269de3b773ae7db":"834be2d0d6cd18f13528e86b4c96fee98f671bc462e737c5dd144edcae5ab670","/.git/objects/6c/bece177dedfe4532eab187c04cb75b398e4d69":"28dd6e64231b60c1bc9a7dbd51f8ee698e87eca8af6f5c95cc5aa47e1f12ed3e","/.git/objects/72/af21aee74e2d0e5a14dd16c955a53042f312d1":"991694224ad14161513d58f3d10371353f3a95e52c06e5b909ae0be738cc066a","/.git/objects/5d/8d8dc05e81e9eaea0ec5619f1a3ebbe2ad1f79":"bf46323b8e4b30cf23ff89119f0013148d3bfb7140845df5fad79115cec291c6","/.git/objects/58/dba1652f91163c6a8489354dc7deb118764a9e":"fe357d2d32e2d52fa3c4957a8150fcfdac091f1d7c588a83323c558d71c0f99f","/.git/objects/45/614e3c4d9ef1cade4800f05e89af5a3f14deeb":"54c7c3b5d87003465888ea4deca3ada0d586d6c8d5f708cc25a3337e6056c320","/.git/objects/41/5027e5ddaf944819977c1d5e9aaf49e835093f":"5aab4ae04aec8b7e2a841dab3abd8cd16a97000a244904a20a3741fc117a0258","/functions/package-lock.json":"dbd31568f6d72b7e474c43241f0814bbfe31d2aa5d3c7ab9f720ed75e651b089","/.git/objects/3e/c01b9221b4584addb176072c303f247606fe1a":"df20ed1d0c95c0ffd84b6d554be6fdabbec22b308d23302bbaba5cad119b59e2","/icons/icon1024-square.png":"d0767113ec5be6e2db15cbfe6b78a27ca49fa7d04a0c9576090627cfb54bfd76","/.git/objects/36/51605e538c63b79983f92e25e5a8539f715577":"22707a1bf1ff0582cdc904443738e37baaafb058a1e61ff782af8b72ea64b073","/.git/objects/29/efc19e668ef2198a05c0cc08c608ad83312543":"8621fc6acbd265504ef3f1785f931e286e70ffcb6ae4c142bd1439e6c5789560","/.git/objects/26/567394770aa304920ca5bcc5c25ac8a797037c":"32086ec2b891d125e14bf69c14526e2471a6cd7eea215f1dda07ed1757f79e48","/.git/objects/11/5d4413cd9d7b2b3c5dc2e766f11a7b3656bc4e":"ac7325837b2e9aceef416e3681a970649e07323b3bedf66577b14e7da30115ba","/.git/objects/0f/207dc40b762ec8189ef25b0dff00c83a70ec5e":"27efefdeb128dd297f3a322f97d23ade433908323bd47d383b4e6fa4c19bf85c","/.git/objects/19/ef827952c387cce4dcd76aa227beb02f9f0f7a":"eb510e0b0e60b65e28db5ab934e72e2004498e6e5ea785083aac84e91023e61a","/.git/objects/0e/fd42d7bdd6fc4701c75e21e07ea8400afd233d":"f40d9dc4cb6e8963cda738a8251646b03d5355f8d424fd051d0fddc887a54e21","/.git/objects/09/b9415630b517cc76891d03b9893b677fc539ca":"93e9f229b0844ea95e1fecc51db41e8c855eb23d18ac2292e595ab5cc16e2e10","/.git/logs/refs/remotes/origin/main":"e342aa89283650e140f9eba058e3abb101c33cc1aea925b433d72d6af24d5adc","/.git/objects/03/f7a2143f7e41f733d5f4e3676eaf5407995140":"904966bf5dc4d9e9896cdaa6e921b0990587e40f19a699a9e8f6656dc29fd960","/.git/logs/refs/remotes/origin/HEAD":"fb5324d4f4f5ce620227f1a4751b8ba3601d6fc0b568ad3fd9f80112a0214e43","/.git/logs/HEAD":"a7755a36b47891bccdca5cfcbeb34d5d5a070ffcc40c8e0c71f4849a244b1ccd","/.git/logs/refs/heads/main":"a7755a36b47891bccdca5cfcbeb34d5d5a070ffcc40c8e0c71f4849a244b1ccd","/.git/hooks/sendemail-validate.sample":"6584811038820a9f283d92a263b2a59f53df2548e7a9c4dddee49b063b31c8fd","/.git/info/exclude":"553543b3472f0d5661b8da5e37f54a56cc2a6e5387aea198956fe945573a605f","/.git/hooks/update.sample":"630f342d1191f0360553b2bfcae2d1801002847b63b3834404fceb59ec47de98","/.git/hooks/pre-receive.sample":"2b2ca0e45ed128d9c96b91e491cc48d64bec04b3225fbde5f0a5b7757c479ba0","/.git/hooks/prepare-commit-msg.sample":"233eb4792ce783ee1bbb334b9e21c04a5b1e2c9c4adce2cb06045134de8eb2c5","/.git/hooks/push-to-checkout.sample":"2d5b63bccaa04c06503693498e71666a4bfd72341a5f3b26aaf6c5397390f784","/.git/hooks/pre-rebase.sample":"a8b1c92ead8342bf60b849ad99bed65089c6ccc142e467d62287307902055d72","/.git/hooks/pre-push.sample":"109e53b223e9befc5ec87b02aa5d6edd155b30f5c5678abf874508c2268077c8","/.git/hooks/pre-merge-commit.sample":"5f616dbdc6c89638f251eedc62f9535695f62e1bf67cd536dd6385c600ca97ac","/.git/hooks/commit-msg.sample":"dc524eba7da6829a8ff9e95a55d232f02a18f5d4311489246c3f65ffb7855331","/.git/hooks/pre-commit.sample":"6d6ba298a4ade37772ea29e4d203d154fda7cc1f2260eed19dbf21d53a4908ec","/.git/hooks/fsmonitor-watchman.sample":"d866ed1553ee626f24e0398400167b63a2516a32eda98d38d6bd8a8290089a37","/.git/hooks/pre-applypatch.sample":"69bb73fa446dc095401aebeed6e9567f148a70b49dddb7007d7dd0bd2758a570","/.git/hooks/post-update.sample":"b10e235e8e631c62cf8970a23fcb25102f823e835384ecad0c7b1c463a2a6cb0","/.git/hooks/applypatch-msg.sample":"21698bb9cc236ed557dfd28414c4c46a690d7fb639a6f8c3a236a941ae14243e","/.git/objects/pack/pack-5391fa70bfed2c9673f550cf049d6024309ebfb5.pack":"8123d82af9d83550a8d2459d40a35b4dd8cbac568e85d71be27b0e28918b08c5","/shareshuffle-extension/icons/icon512 Topaz Gigapixel 4x scale Topaz Gigapixel 2x scale.psd":"99f893ccc18656cc3c921e2bb271d27c6432d81d1572c77301cbae7175edd2c1"}}
[debug] [2026-06-09T19:54:00.751Z] <<< [apiv2][status] POST https://firebasehosting.googleapis.com/v1beta1/projects/507028011652/sites/shareshuffle-c7f96/versions/2429dcadd35a1463:populateFiles 200
[debug] [2026-06-09T19:54:00.751Z] <<< [apiv2][body] POST https://firebasehosting.googleapis.com/v1beta1/projects/507028011652/sites/shareshuffle-c7f96/versions/2429dcadd35a1463:populateFiles {"uploadRequiredHashes":["2aca2ed045060fb2b77289a2c41daf40935afb6afcacc3b40695d79e5ab555db","fa793ee3220be0e74bfd22ca89d4f5aa5333910623e068fe142c45bc5ab5d428","eb510e0b0e60b65e28db5ab934e72e2004498e6e5ea785083aac84e91023e61a","8eb3a8b601d40be2d9f7193e2fca5e2ff778df7f5aed137d67a194fb1bc005ac","64929c4a3c1c8936ed4637734c357d1bbb31ff28c4b40ad35b5201eb7357c90b","b54c6c35fb5a72d8d9aef27513fbba1d5ed711187adcabf6e61d1c00bf58e168","9ff3c288e6019a90ebafdc6825452c3f5de62a696e23112b3ef8fc381404580a","c280a90e9989e4f1d24b20a990646d2eb9895691c9d85e07741a2a2ec8cc745d","5f6f8fef87fee7b0996b2a31670ebc462b0d4bddf48c1f7b31414645f82963fb","93e9f229b0844ea95e1fecc51db41e8c855eb23d18ac2292e595ab5cc16e2e10","d0767113ec5be6e2db15cbfe6b78a27ca49fa7d04a0c9576090627cfb54bfd76","a39dc51e21d1523cdef2091e7c7ab30a33ad42a7cd5da1f45139746e5c24b667","bbcf5bf20c1f551bd2550fd2516e26f23238968f192571b93e80aa15b94af5ae","29aab94444f02212842ee8da278752aabdd1ded3a22b71ae3b18a374501cb2d6","3196da819453e10a6284a8297f5d0c2daedf2584e5bcee64212a3e8d9be9d90c","f15a2e05e1daec7290cd24d0e1dcd75375c49e6508f47b6a6f4af5d44cec7823","e3175568e9ce21f1a9397e2f70f4cf94523af41a9c00885144e018918405dde9","630f342d1191f0360553b2bfcae2d1801002847b63b3834404fceb59ec47de98","a29fffddf1865f78600767e8c1a260bd1c895fa01db8f2b4957a8d76e57ae7d2","4dc9ad37e70bb53dfa988313e215ab29aea099504f55e97834ef344309644fa4","cf02fe20fbd6b49eee8dbd4361f187957602ce2afa1544c57d72735579ef35c8","22707a1bf1ff0582cdc904443738e37baaafb058a1e61ff782af8b72ea64b073","f1b651238a58fe290baec6c5e32f3bdb1943dd2bd582f02569231f7a757c7837","8621fc6acbd265504ef3f1785f931e286e70ffcb6ae4c142bd1439e6c5789560","3f826fc0db67c23433cc9ee8a793342bfd187a65188267ba4c3745a227b1316a","df20ed1d0c95c0ffd84b6d554be6fdabbec22b308d23302bbaba5cad119b59e2","8c819c68addeff3a936b00685d856d8c8f09a609e991f2c04573b07ab2a64f73","82f5587205a55493f26e63fa3e8c4c02d455b77ed9430a46bb3696890e1e9c06","6b14bdfc516837250fa1cf9b81c9b7effeb70534b99f1b40c949a633715ee3fd","68d8ea9a1698426a928b98a6c00118ba9b205fe5ce814c7e74394f3fe3eea891","c2b2da1beb47473204f6512a45e5b2704673373846e2800e2ab15401bbf0a4b3","083b8d19504d20899e5435d752eb9a6181c667b2d5f5ab4a7c76f8f1d51ced58","233eb4792ce783ee1bbb334b9e21c04a5b1e2c9c4adce2cb06045134de8eb2c5","d80717aec73322e5b189c52f5d2f13033fd07d1702a21c5395583d89cf7c8c2d","e2bce05047b96471c8fa03ce0b7a1ae648b13eac4719d8f1532ada638e86df82","1be71525d0d65f3df705f90df792dc07564a9ad6e170defa232ad0d8c30668c3","819b4e136824dd0cd59ecd4d35c057efa65802de92bc01750bd01fc21eb94087","6584811038820a9f283d92a263b2a59f53df2548e7a9c4dddee49b063b31c8fd","f59cb366c1a45bb040450ba7a8e7aa39eace7551384e853172f934d35a68b5dd","36fe1ee019f37f619c0c6460649785269a69bbf1d14cb13de7e0370b87635eda","6d6ba298a4ade37772ea29e4d203d154fda7cc1f2260eed19dbf21d53a4908ec","9f81c08930493677ad1ac2b198a0ae3f4d3b017a2f86cea2ef1678b472dab015","c17e6f68fa92fc05ea5cfa7cd0ed84965b575173beb5b0b9da095db04dc5f47a","904966bf5dc4d9e9896cdaa6e921b0990587e40f19a699a9e8f6656dc29fd960","d866ed1553ee626f24e0398400167b63a2516a32eda98d38d6bd8a8290089a37","f119df17ded70ef2df403976b9c749ef7b152e9310f0caeaa9baa048679208b5","99f893ccc18656cc3c921e2bb271d27c6432d81d1572c77301cbae7175edd2c1","a8d258ec081edf62a88bfbae7eb3f8b84397cdf7d0532f25c4f0324134b89182","e4a5f0a961821091ff6f632df7d78ec718fca1b26a0c88a70983d2f92c8f1499","116fe8bf6ed8592b35381ea4830853afde8decef40c1486e46d2c2194ba0883f","4a633ef71b25613b58515779064d73315eb00fee1879becd28ce3560bd7222c6","dfb6ef32ea3b6d5f3f483385078817975c74dbba213c6a327dcf7c1a74fbec9b","32086ec2b891d125e14bf69c14526e2471a6cd7eea215f1dda07ed1757f79e48","0a58e3e83dc2493a92adc6f453306a10f0e645b1a850ad2380c350041ad817d6","0f8002b822fdaddeac366fcf4edfa007477ebbdf32a1b9c293339d6010dd889f","bf46323b8e4b30cf23ff89119f0013148d3bfb7140845df5fad79115cec291c6","2b2ca0e45ed128d9c96b91e491cc48d64bec04b3225fbde5f0a5b7757c479ba0","69ee6248f6f3a54d18b35c34ce5f54f0b47fd64220c37c8d2ca180d2f692e79b","e3a8b09dd6c7b36e770ff2d4fa196fcb55b721fb2afd57067dbd038c5c5393be","ebdf97d22ff06f3ca2e9f75386bb590eb241d79a9b4adaf4942735bdd894931e","5f616dbdc6c89638f251eedc62f9535695f62e1bf67cd536dd6385c600ca97ac","0ff76838fe65be909d1c02148af0d752a1848793a05fd389f9c8a7b3427561d8","dfe993ae6a0d049b72642afc922764af8b7cb80bcefa1988a3ff7bfb17c34c45","33669666b79cefca9bfd0f70b44bf7d2770b7eeb537098dc0fe90cdf50e84e92","faf9b26d3520af61be6aa410a3a8df141591a14616d7bd7b49ea3fdaf4a0447b","f46e3824673b5d37aae077972488d634ca93a5675859971500ae631b8322bfd5","d08f12f3bbf7fc47532a0636b18ec6192b53a0c76db234fa0a8cf58cd631d896","5e78b99f6e22283f5e3e48966a911bc31e662e34d0896e39281cea95d0357797","1b86dc4ea620ac9a22ecc4197e2f8b6d0f30ee6c24f03b7ef4236ebcadadf04f","e60c7a47d2dde6f765aaca593da6df281a38070725193c0d746a00806958c2c2","a8b1c92ead8342bf60b849ad99bed65089c6ccc142e467d62287307902055d72","3f52ec38717edcf78ff6bd6381ba2f9507061c98d07f744b159d4285eb2fe599","55bb6ef201910b1c993d09fe8030f369f13782a7ef0a56c1ac50c7a5b0f91ab8","69bb73fa446dc095401aebeed6e9567f148a70b49dddb7007d7dd0bd2758a570","aabb27d6c5222c8ea56115eef5d4f27ed5ab895cb093ec34cd637ff51723a3e7","d6f95c76a55fa3012e3f2b22038ac27e869393cecffedeb85db5cff935ee2048","5fc7c899e2a1797a2baee36ce60c377568d9f9fb91db26482ce55eeafa64f32e","16f845be2180b7addbeb49a6ced8ffedcdf93149a6c38386c3a7ec9db996e770","670995438efe157d37d744fa5abacd9f15c62c0192bcea6cada56d7c2c28a60c","ec93904a673e5d15752b43fcead12e310bf553163a4862e25d73d469e32a6c7e","04fc7d8a07b054817f842c421ff17d054bdc185a4003de465f5c6232bbe0d930","3a0d9c1edef66d503d2d6f7e57250150031f33e3a932bb56cea6bf2674ed6f09","eb95c912c92091a542f8d7a2b38c516feb9a0175fe9f83e5f9a819c825ab9084","11189bef00c69ed2b59279991fa094295c9b2876aff79d293c9a6db4db4d280e","13d2e71bc43faa57189de6fed4981abf05bbca80ed83141cf8515c5ef6f034fe","e70fe30a61293667a28763c490bc4145a6f1b311a74cd75c3d4b0695559b6910","0dd7b2e01cd239c2e95163086f45b4074cc2c2f0479a2c7887ba07b7e93646b1","8fe18e868d3a8dfda2d06ff1be04559f5206c8a34db6966e745c10d317129ccd","651e7c00b9e958d89f87684e5b519e9ae465c1bdb1746abd29c7222214d926db","715adf69c5ee548925e317e0f5ac40436c867968162311a74bb7d2ac06ead711","8d10f1a8033a6b19b2b02a680eb2e09f135b672e38b52511d293a0e854edc1ec","fe357d2d32e2d52fa3c4957a8150fcfdac091f1d7c588a83323c558d71c0f99f","dc524eba7da6829a8ff9e95a55d232f02a18f5d4311489246c3f65ffb7855331","caebda5f621d19d728555a2cef88fac37040e2558e43f86ff43f03717de1f906","ea73fdc6b68e252470f86d095e9f75a59e66b5d37339667c56acb18886246f66","28f840df70cdd871b2ac50c0683fcb0dc82bf969aa167599aa95b010c93b6d35","109e53b223e9befc5ec87b02aa5d6edd155b30f5c5678abf874508c2268077c8","0f5d56efe56c5dcabb387d965aad58d0f60a3b7485cb9b04bef04b93bebf911e","94e2084b65516b143ca263b566a49a5d41edd7382b675453e16592080407437f","b10e235e8e631c62cf8970a23fcb25102f823e835384ecad0c7b1c463a2a6cb0","c5632ae188cab39f434c98e55af483282c5310a7753812ea5c9d3956cef17a64","9b6deb09235626ec611933af045e786db8f0081f71ce0c3f2954f8430d17fb8b","2ec717e4e6894e07f158404e7a3e4415e25da38d2f1b1e4ec25481f3fff09aa1","21698bb9cc236ed557dfd28414c4c46a690d7fb639a6f8c3a236a941ae14243e","e74ae2c7c5a0054498a71388a78f84a0ee657b25cd7ad478bf758a3566bc5e28","3089ce50cd716e6197aadc36fb67cae1d70d648308bf43cc80c7e30e4239a8d1","f40d9dc4cb6e8963cda738a8251646b03d5355f8d424fd051d0fddc887a54e21","7c721ff38f4696c39b5850d13e5c9b0d006439040beb3cdff3f668798a2a4eee","5dc31cf89fc88b199e39f872d45daeb3f63e5e384be3f3addb955544b98396eb","f3aed940df107fefb461815ccb6fd4cf6406c87cf0d600cf874485b89ea3fcc3","f2020f08fa34e906bb577a629ea687c29ddb19596cec59257dff05e55c1d6ae2","dfa608904691640beddf9340b0393751784b6f1845c3d414f6cf056cbef2e7a8","28dd6e64231b60c1bc9a7dbd51f8ee698e87eca8af6f5c95cc5aa47e1f12ed3e","10ce66f4619094c904ca0d8e3e1b3e5460d54201c651024926f2d8bcc1862824","a387a4c17b6672415af70d557f2ab46b9140fdf10af90706399d1ce64457d643","3590d1154db74629e8c875395ac8069e2712537584b7e995cf8dce303fddaa9c","7653d99e8282f7253a4079eb1b6ac9ba636d52a1f5e72820c78985a2810442c8","3e1de1e61ce91913a27b5043effafe35abf4fbc4457025aad766ca7fa0467940","fb5324d4f4f5ce620227f1a4751b8ba3601d6fc0b568ad3fd9f80112a0214e43","12e8593d7bfe1eaef6cde26263ddbd6c36186502964393d00d4397d726310739","bf21e58d08f9465f43718b4b7c98742f19db1eb85c10a03c0ef12b9cfe132606","f100e07fddd45fed18d57ca85e5ce0c1f05a2d30a29c0432c9011a5cf8b25308","85f5a650465c06ca58143c56803add4775968e92118024238b69dc61b2817127","3a726de00bea4252a6d569c610a0c527015e5478c49b4b280341a85399f3daa5","e26086d9209f3e3d3bc25e6627dddddce9035a310bca6e6769fbaa243452e5bd","09ce2cb53a9a284bff0b2d1f67549d605587c2b2c6f7de834d5efbe4e5198122","18139e580e0d850947a86b0ac7a8ecb0fad65cd3bf2b4b0dcb2a1176be4b6c43","46e094a6d80576ec05debfe5847a0ceebfdc86f2065d6a4587eddc0fea7463e2","2def0795beeb020edd073e7671660dabdb8b58867ac5b03cfd358c5d3438e591","011101ebc8befc894445687d8e73d1e6ef8350349b1db0c9d2e7e99d8cc786ec","5b337262d8c7ecb64b404e8338a77fa1575204d7d44f9cda7083082e175e6e84","4c5753439e7c2ccfa7d89d65b374bd96c054c3c36c938dbfd8a69b93a13665ef","353c5c523923555d7b1c756ec43000c9013141d1f867656163ff7589f73f33af","4adfea9cddde227b86a0013e02fe45dac9e7674866eb1ef7ec330f17f43ff070","fb4380cb2085ebc34ba27f614c7245a603418843439a6c55c3ff045f2f23be79","200f0b1f9e53dc0fbca729941e9d1ce15744a06a64dddcb5be1583e0cc0928fb","6c9ebbd548ad08b9ed495cc257130807b06cf7d2d587c303a4464f59c5d7c4f3","27efefdeb128dd297f3a322f97d23ade433908323bd47d383b4e6fa4c19bf85c","26c9895244efb0ffdbfc6eb1128d85d02a9fa159454e1708dbb16672b02a099b","834be2d0d6cd18f13528e86b4c96fee98f671bc462e737c5dd144edcae5ab670","9d07e269bff8a129b0c2ea4710397ed9e20e93cfa96c068d8a090edc900f20d3","ac7325837b2e9aceef416e3681a970649e07323b3bedf66577b14e7da30115ba","e342aa89283650e140f9eba058e3abb101c33cc1aea925b433d72d6af24d5adc","101a476576a451b41030470c0e41f0098ba7512d02eed817eac9fd8952fedad6","fe0c6541d90acffebb40cd6cd6d33705e8ea7e400dc87d45546525b715f63912","dbd31568f6d72b7e474c43241f0814bbfe31d2aa5d3c7ab9f720ed75e651b089","a7755a36b47891bccdca5cfcbeb34d5d5a070ffcc40c8e0c71f4849a244b1ccd","2631ec106ad14d1b54b0760a415040b77a2a66d95517cd2f26c5ed2d992b984a","cfd889f20f894f14a8cb22e241c69f1493b1f7422eef5d527fce6974d3eb068d","be4cc5a8f913de046e3ca089c7609736b93c90c9a798fc78430f94cb686995f8","4f04cd63e7b3c8a9ebe2c2824ea85f99b4994f42d2640ffaa0d799bd3241bb44","3696cde9e17c469b2b056668cabcbabb63f608186d4249c75fcbdc4265c3a64f","1b9e29b575211d45c809dd30a1512e486610b35e32b6127a42a0e323ff7ef6d1","420494b11725776016e17d217a35cf14270c206fc4bb4589cc4a7ef32519eeb4","c81b955942a8d9e3b598c524c06f72636abb38668a11193134a51c31b7b3e624","54c7c3b5d87003465888ea4deca3ada0d586d6c8d5f708cc25a3337e6056c320","a96562627601a3b0361d786fca7267fcff81b43a9a974dda00bb40d940353f71","5aab4ae04aec8b7e2a841dab3abd8cd16a97000a244904a20a3741fc117a0258","107074a97a6811f4ddba464d9aa6e2b10386dfd1c81b08d8701c0b442011ed95","6387f59d95ff8369ee4883f8fe042e9189fedff8ccc306c68b8bebacc3c50f5d","0609e8659613a3135a20c942cb42c5f3a35f69de07ae43d82ef2c1a980cc08c1","3be2c8a78039f8adbf55ce824126a835f19234a9171d605e5dc3e75103fc96ee","b1ff235bd9b5f10d54e0886a714863d925ec848761f240b5a2b67922ddf7ceec","991694224ad14161513d58f3d10371353f3a95e52c06e5b909ae0be738cc066a","2d5b63bccaa04c06503693498e71666a4bfd72341a5f3b26aaf6c5397390f784","40b33984303ace551ee90b6a0c2039b2e17af770a0e143d0654cf9b1d90314ea","46d6c8002aa269a99a103ae15f1f0ada8c5a6092c529f1e03be7ae044029a311","9478e3e212f8001fb56d045b9a800e40744a546a62dd068b5e8925c4211e33d8","f3725103e51603b2b253b52f5bd315725a9f614e341af492d2724f74d8429603","553543b3472f0d5661b8da5e37f54a56cc2a6e5387aea198956fe945573a605f","60c8f7b51dc7bf7385ec0e38a2bc6a183200115ba14f32435f681b6e95bf59da","8123d82af9d83550a8d2459d40a35b4dd8cbac568e85d71be27b0e28918b08c5","af306ce3b9bcd355b562da9ba45b94312959f196f0399e9c7f99405824758974"],"uploadUrl":"https://upload-firebasehosting.googleapis.com/upload/sites/shareshuffle-c7f96/versions/2429dcadd35a1463/files"}
[debug] [2026-06-09T19:54:00.752Z] Checked if tokens are valid: true, expires at: 1781036251126
[debug] [2026-06-09T19:54:00.752Z] Checked if tokens are valid: true, expires at: 1781036251126
[debug] [2026-06-09T19:54:00.752Z] Checked if tokens are valid: true, expires at: 1781036251126
[debug] [2026-06-09T19:54:00.752Z] Checked if tokens are valid: true, expires at: 1781036251126
[debug] [2026-06-09T19:54:00.752Z] Checked if tokens are valid: true, expires at: 1781036251126
[debug] [2026-06-09T19:54:00.752Z] Checked if tokens are valid: true, expires at: 1781036251126
[debug] [2026-06-09T19:54:00.753Z] Checked if tokens are valid: true, expires at: 1781036251126
[debug] [2026-06-09T19:54:00.753Z] Checked if tokens are valid: true, expires at: 1781036251126
[debug] [2026-06-09T19:54:00.753Z] Checked if tokens are valid: true, expires at: 1781036251126
[debug] [2026-06-09T19:54:00.753Z] Checked if tokens are valid: true, expires at: 1781036251126
[debug] [2026-06-09T19:54:00.753Z] Checked if tokens are valid: true, expires at: 1781036251126
[debug] [2026-06-09T19:54:00.753Z] Checked if tokens are valid: true, expires at: 1781036251126
[debug] [2026-06-09T19:54:00.753Z] Checked if tokens are valid: true, expires at: 1781036251126
[debug] [2026-06-09T19:54:00.753Z] Checked if tokens are valid: true, expires at: 1781036251126
[debug] [2026-06-09T19:54:00.753Z] Checked if tokens are valid: true, expires at: 1781036251126
[debug] [2026-06-09T19:54:00.753Z] Checked if tokens are valid: true, expires at: 1781036251126
[debug] [2026-06-09T19:54:00.754Z] Checked if tokens are valid: true, expires at: 1781036251126
[debug] [2026-06-09T19:54:00.754Z] Checked if tokens are valid: true, expires at: 1781036251126
[debug] [2026-06-09T19:54:00.754Z] Checked if tokens are valid: true, expires at: 1781036251126
[debug] [2026-06-09T19:54:00.754Z] Checked if tokens are valid: true, expires at: 1781036251126
[debug] [2026-06-09T19:54:00.754Z] Checked if tokens are valid: true, expires at: 1781036251126
[debug] [2026-06-09T19:54:00.754Z] Checked if tokens are valid: true, expires at: 1781036251126
[debug] [2026-06-09T19:54:00.754Z] Checked if tokens are valid: true, expires at: 1781036251126
[debug] [2026-06-09T19:54:00.754Z] Checked if tokens are valid: true, expires at: 1781036251126
[debug] [2026-06-09T19:54:00.755Z] Checked if tokens are valid: true, expires at: 1781036251126
[debug] [2026-06-09T19:54:00.755Z] Checked if tokens are valid: true, expires at: 1781036251126
[debug] [2026-06-09T19:54:00.755Z] Checked if tokens are valid: true, expires at: 1781036251126
[debug] [2026-06-09T19:54:00.755Z] Checked if tokens are valid: true, expires at: 1781036251126
[debug] [2026-06-09T19:54:00.755Z] Checked if tokens are valid: true, expires at: 1781036251126
[debug] [2026-06-09T19:54:00.755Z] Checked if tokens are valid: true, expires at: 1781036251126
[debug] [2026-06-09T19:54:00.755Z] Checked if tokens are valid: true, expires at: 1781036251126
[debug] [2026-06-09T19:54:00.755Z] Checked if tokens are valid: true, expires at: 1781036251126
[debug] [2026-06-09T19:54:00.756Z] Checked if tokens are valid: true, expires at: 1781036251126
[debug] [2026-06-09T19:54:00.756Z] Checked if tokens are valid: true, expires at: 1781036251126
[debug] [2026-06-09T19:54:00.756Z] Checked if tokens are valid: true, expires at: 1781036251126
[debug] [2026-06-09T19:54:00.756Z] Checked if tokens are valid: true, expires at: 1781036251126
[debug] [2026-06-09T19:54:00.756Z] Checked if tokens are valid: true, expires at: 1781036251126
[debug] [2026-06-09T19:54:00.756Z] Checked if tokens are valid: true, expires at: 1781036251126
[debug] [2026-06-09T19:54:00.757Z] Checked if tokens are valid: true, expires at: 1781036251126
[debug] [2026-06-09T19:54:00.757Z] Checked if tokens are valid: true, expires at: 1781036251126
[debug] [2026-06-09T19:54:00.757Z] Checked if tokens are valid: true, expires at: 1781036251126
[debug] [2026-06-09T19:54:00.757Z] Checked if tokens are valid: true, expires at: 1781036251126
[debug] [2026-06-09T19:54:00.757Z] Checked if tokens are valid: true, expires at: 1781036251126
[debug] [2026-06-09T19:54:00.757Z] Checked if tokens are valid: true, expires at: 1781036251126
[debug] [2026-06-09T19:54:00.758Z] Checked if tokens are valid: true, expires at: 1781036251126
[debug] [2026-06-09T19:54:00.758Z] Checked if tokens are valid: true, expires at: 1781036251126
[debug] [2026-06-09T19:54:00.758Z] Checked if tokens are valid: true, expires at: 1781036251126
[debug] [2026-06-09T19:54:00.760Z] Checked if tokens are valid: true, expires at: 1781036251126
[debug] [2026-06-09T19:54:00.760Z] Checked if tokens are valid: true, expires at: 1781036251126
[debug] [2026-06-09T19:54:00.760Z] Checked if tokens are valid: true, expires at: 1781036251126
[debug] [2026-06-09T19:54:00.760Z] Checked if tokens are valid: true, expires at: 1781036251126
[debug] [2026-06-09T19:54:00.760Z] Checked if tokens are valid: true, expires at: 1781036251126
[debug] [2026-06-09T19:54:00.761Z] Checked if tokens are valid: true, expires at: 1781036251126
[debug] [2026-06-09T19:54:00.761Z] Checked if tokens are valid: true, expires at: 1781036251126
[debug] [2026-06-09T19:54:00.761Z] Checked if tokens are valid: true, expires at: 1781036251126
[debug] [2026-06-09T19:54:00.761Z] Checked if tokens are valid: true, expires at: 1781036251126
[debug] [2026-06-09T19:54:00.761Z] Checked if tokens are valid: true, expires at: 1781036251126
[debug] [2026-06-09T19:54:00.761Z] Checked if tokens are valid: true, expires at: 1781036251126
[debug] [2026-06-09T19:54:00.762Z] Checked if tokens are valid: true, expires at: 1781036251126
[debug] [2026-06-09T19:54:00.762Z] Checked if tokens are valid: true, expires at: 1781036251126
[debug] [2026-06-09T19:54:00.762Z] Checked if tokens are valid: true, expires at: 1781036251126
[debug] [2026-06-09T19:54:00.762Z] Checked if tokens are valid: true, expires at: 1781036251126
[debug] [2026-06-09T19:54:00.762Z] Checked if tokens are valid: true, expires at: 1781036251126
[debug] [2026-06-09T19:54:00.762Z] Checked if tokens are valid: true, expires at: 1781036251126
[debug] [2026-06-09T19:54:00.763Z] Checked if tokens are valid: true, expires at: 1781036251126
[debug] [2026-06-09T19:54:00.763Z] Checked if tokens are valid: true, expires at: 1781036251126
[debug] [2026-06-09T19:54:00.763Z] Checked if tokens are valid: true, expires at: 1781036251126
[debug] [2026-06-09T19:54:00.763Z] Checked if tokens are valid: true, expires at: 1781036251126
[debug] [2026-06-09T19:54:00.763Z] Checked if tokens are valid: true, expires at: 1781036251126
[debug] [2026-06-09T19:54:00.763Z] Checked if tokens are valid: true, expires at: 1781036251126
[debug] [2026-06-09T19:54:00.763Z] Checked if tokens are valid: true, expires at: 1781036251126
[debug] [2026-06-09T19:54:00.763Z] Checked if tokens are valid: true, expires at: 1781036251126
[debug] [2026-06-09T19:54:00.764Z] Checked if tokens are valid: true, expires at: 1781036251126
[debug] [2026-06-09T19:54:00.764Z] Checked if tokens are valid: true, expires at: 1781036251126
[debug] [2026-06-09T19:54:00.764Z] Checked if tokens are valid: true, expires at: 1781036251126
[debug] [2026-06-09T19:54:00.764Z] Checked if tokens are valid: true, expires at: 1781036251126
[debug] [2026-06-09T19:54:00.764Z] Checked if tokens are valid: true, expires at: 1781036251126
[debug] [2026-06-09T19:54:00.764Z] Checked if tokens are valid: true, expires at: 1781036251126
[debug] [2026-06-09T19:54:00.765Z] Checked if tokens are valid: true, expires at: 1781036251126
[debug] [2026-06-09T19:54:00.765Z] Checked if tokens are valid: true, expires at: 1781036251126
[debug] [2026-06-09T19:54:00.765Z] Checked if tokens are valid: true, expires at: 1781036251126
[debug] [2026-06-09T19:54:00.765Z] Checked if tokens are valid: true, expires at: 1781036251126
[debug] [2026-06-09T19:54:00.765Z] Checked if tokens are valid: true, expires at: 1781036251126
[debug] [2026-06-09T19:54:00.765Z] Checked if tokens are valid: true, expires at: 1781036251126
[debug] [2026-06-09T19:54:00.765Z] Checked if tokens are valid: true, expires at: 1781036251126
[debug] [2026-06-09T19:54:00.765Z] Checked if tokens are valid: true, expires at: 1781036251126
[debug] [2026-06-09T19:54:00.765Z] Checked if tokens are valid: true, expires at: 1781036251126
[debug] [2026-06-09T19:54:00.765Z] Checked if tokens are valid: true, expires at: 1781036251126
[debug] [2026-06-09T19:54:00.766Z] Checked if tokens are valid: true, expires at: 1781036251126
[debug] [2026-06-09T19:54:00.766Z] Checked if tokens are valid: true, expires at: 1781036251126
[debug] [2026-06-09T19:54:00.766Z] Checked if tokens are valid: true, expires at: 1781036251126
[debug] [2026-06-09T19:54:00.766Z] Checked if tokens are valid: true, expires at: 1781036251126
[debug] [2026-06-09T19:54:00.766Z] Checked if tokens are valid: true, expires at: 1781036251126
[debug] [2026-06-09T19:54:00.766Z] Checked if tokens are valid: true, expires at: 1781036251126
[debug] [2026-06-09T19:54:00.766Z] Checked if tokens are valid: true, expires at: 1781036251126
[debug] [2026-06-09T19:54:00.766Z] Checked if tokens are valid: true, expires at: 1781036251126
[debug] [2026-06-09T19:54:00.766Z] Checked if tokens are valid: true, expires at: 1781036251126
[debug] [2026-06-09T19:54:00.767Z] Checked if tokens are valid: true, expires at: 1781036251126
[debug] [2026-06-09T19:54:00.767Z] Checked if tokens are valid: true, expires at: 1781036251126
[debug] [2026-06-09T19:54:00.767Z] Checked if tokens are valid: true, expires at: 1781036251126
[debug] [2026-06-09T19:54:00.767Z] Checked if tokens are valid: true, expires at: 1781036251126
[debug] [2026-06-09T19:54:00.767Z] Checked if tokens are valid: true, expires at: 1781036251126
[debug] [2026-06-09T19:54:00.767Z] Checked if tokens are valid: true, expires at: 1781036251126
[debug] [2026-06-09T19:54:00.767Z] Checked if tokens are valid: true, expires at: 1781036251126
[debug] [2026-06-09T19:54:00.767Z] Checked if tokens are valid: true, expires at: 1781036251126
[debug] [2026-06-09T19:54:00.767Z] Checked if tokens are valid: true, expires at: 1781036251126
[debug] [2026-06-09T19:54:00.768Z] Checked if tokens are valid: true, expires at: 1781036251126
[debug] [2026-06-09T19:54:00.768Z] Checked if tokens are valid: true, expires at: 1781036251126
[debug] [2026-06-09T19:54:00.768Z] Checked if tokens are valid: true, expires at: 1781036251126
[debug] [2026-06-09T19:54:00.768Z] Checked if tokens are valid: true, expires at: 1781036251126
[debug] [2026-06-09T19:54:00.768Z] Checked if tokens are valid: true, expires at: 1781036251126
[debug] [2026-06-09T19:54:00.768Z] Checked if tokens are valid: true, expires at: 1781036251126
[debug] [2026-06-09T19:54:00.768Z] Checked if tokens are valid: true, expires at: 1781036251126
[debug] [2026-06-09T19:54:00.768Z] Checked if tokens are valid: true, expires at: 1781036251126
[debug] [2026-06-09T19:54:00.768Z] Checked if tokens are valid: true, expires at: 1781036251126
[debug] [2026-06-09T19:54:00.768Z] Checked if tokens are valid: true, expires at: 1781036251126
[debug] [2026-06-09T19:54:00.769Z] Checked if tokens are valid: true, expires at: 1781036251126
[debug] [2026-06-09T19:54:00.769Z] Checked if tokens are valid: true, expires at: 1781036251126
[debug] [2026-06-09T19:54:00.769Z] Checked if tokens are valid: true, expires at: 1781036251126
[debug] [2026-06-09T19:54:00.769Z] Checked if tokens are valid: true, expires at: 1781036251126
[debug] [2026-06-09T19:54:00.769Z] Checked if tokens are valid: true, expires at: 1781036251126
[debug] [2026-06-09T19:54:00.769Z] Checked if tokens are valid: true, expires at: 1781036251126
[debug] [2026-06-09T19:54:00.769Z] Checked if tokens are valid: true, expires at: 1781036251126
[debug] [2026-06-09T19:54:00.769Z] Checked if tokens are valid: true, expires at: 1781036251126
[debug] [2026-06-09T19:54:00.769Z] Checked if tokens are valid: true, expires at: 1781036251126
[debug] [2026-06-09T19:54:00.769Z] Checked if tokens are valid: true, expires at: 1781036251126
[debug] [2026-06-09T19:54:00.769Z] Checked if tokens are valid: true, expires at: 1781036251126
[debug] [2026-06-09T19:54:00.769Z] Checked if tokens are valid: true, expires at: 1781036251126
[debug] [2026-06-09T19:54:00.769Z] Checked if tokens are valid: true, expires at: 1781036251126
[debug] [2026-06-09T19:54:00.769Z] Checked if tokens are valid: true, expires at: 1781036251126
[debug] [2026-06-09T19:54:00.770Z] Checked if tokens are valid: true, expires at: 1781036251126
[debug] [2026-06-09T19:54:00.770Z] Checked if tokens are valid: true, expires at: 1781036251126
[debug] [2026-06-09T19:54:00.770Z] Checked if tokens are valid: true, expires at: 1781036251126
[debug] [2026-06-09T19:54:00.770Z] Checked if tokens are valid: true, expires at: 1781036251126
[debug] [2026-06-09T19:54:00.770Z] Checked if tokens are valid: true, expires at: 1781036251126
[debug] [2026-06-09T19:54:00.770Z] Checked if tokens are valid: true, expires at: 1781036251126
[debug] [2026-06-09T19:54:00.770Z] Checked if tokens are valid: true, expires at: 1781036251126
[debug] [2026-06-09T19:54:00.770Z] Checked if tokens are valid: true, expires at: 1781036251126
[debug] [2026-06-09T19:54:00.770Z] Checked if tokens are valid: true, expires at: 1781036251126
[debug] [2026-06-09T19:54:00.770Z] Checked if tokens are valid: true, expires at: 1781036251126
[debug] [2026-06-09T19:54:00.770Z] Checked if tokens are valid: true, expires at: 1781036251126
[debug] [2026-06-09T19:54:00.770Z] Checked if tokens are valid: true, expires at: 1781036251126
[debug] [2026-06-09T19:54:00.770Z] Checked if tokens are valid: true, expires at: 1781036251126
[debug] [2026-06-09T19:54:00.770Z] Checked if tokens are valid: true, expires at: 1781036251126
[debug] [2026-06-09T19:54:00.771Z] Checked if tokens are valid: true, expires at: 1781036251126
[debug] [2026-06-09T19:54:00.771Z] Checked if tokens are valid: true, expires at: 1781036251126
[debug] [2026-06-09T19:54:00.771Z] Checked if tokens are valid: true, expires at: 1781036251126
[debug] [2026-06-09T19:54:00.771Z] Checked if tokens are valid: true, expires at: 1781036251126
[debug] [2026-06-09T19:54:00.771Z] Checked if tokens are valid: true, expires at: 1781036251126
[debug] [2026-06-09T19:54:00.771Z] Checked if tokens are valid: true, expires at: 1781036251126
[debug] [2026-06-09T19:54:00.771Z] Checked if tokens are valid: true, expires at: 1781036251126
[debug] [2026-06-09T19:54:00.771Z] Checked if tokens are valid: true, expires at: 1781036251126
[debug] [2026-06-09T19:54:00.771Z] Checked if tokens are valid: true, expires at: 1781036251126
[debug] [2026-06-09T19:54:00.771Z] Checked if tokens are valid: true, expires at: 1781036251126
[debug] [2026-06-09T19:54:00.771Z] Checked if tokens are valid: true, expires at: 1781036251126
[debug] [2026-06-09T19:54:00.771Z] Checked if tokens are valid: true, expires at: 1781036251126
[debug] [2026-06-09T19:54:00.771Z] Checked if tokens are valid: true, expires at: 1781036251126
[debug] [2026-06-09T19:54:00.771Z] Checked if tokens are valid: true, expires at: 1781036251126
[debug] [2026-06-09T19:54:00.771Z] Checked if tokens are valid: true, expires at: 1781036251126
[debug] [2026-06-09T19:54:00.771Z] Checked if tokens are valid: true, expires at: 1781036251126
[debug] [2026-06-09T19:54:00.771Z] Checked if tokens are valid: true, expires at: 1781036251126
[debug] [2026-06-09T19:54:00.771Z] Checked if tokens are valid: true, expires at: 1781036251126
[debug] [2026-06-09T19:54:00.771Z] Checked if tokens are valid: true, expires at: 1781036251126
[debug] [2026-06-09T19:54:00.771Z] Checked if tokens are valid: true, expires at: 1781036251126
[debug] [2026-06-09T19:54:00.771Z] Checked if tokens are valid: true, expires at: 1781036251126
[debug] [2026-06-09T19:54:00.771Z] Checked if tokens are valid: true, expires at: 1781036251126
[debug] [2026-06-09T19:54:00.772Z] Checked if tokens are valid: true, expires at: 1781036251126
[debug] [2026-06-09T19:54:00.772Z] Checked if tokens are valid: true, expires at: 1781036251126
[debug] [2026-06-09T19:54:00.772Z] Checked if tokens are valid: true, expires at: 1781036251126
[debug] [2026-06-09T19:54:00.772Z] Checked if tokens are valid: true, expires at: 1781036251126
[debug] [2026-06-09T19:54:00.772Z] Checked if tokens are valid: true, expires at: 1781036251126
[debug] [2026-06-09T19:54:00.772Z] Checked if tokens are valid: true, expires at: 1781036251126
[debug] [2026-06-09T19:54:00.772Z] Checked if tokens are valid: true, expires at: 1781036251126
[debug] [2026-06-09T19:54:00.772Z] Checked if tokens are valid: true, expires at: 1781036251126
[debug] [2026-06-09T19:54:00.772Z] Checked if tokens are valid: true, expires at: 1781036251126
[debug] [2026-06-09T19:54:00.772Z] Checked if tokens are valid: true, expires at: 1781036251126
[debug] [2026-06-09T19:54:00.772Z] Checked if tokens are valid: true, expires at: 1781036251126
[debug] [2026-06-09T19:54:00.772Z] Checked if tokens are valid: true, expires at: 1781036251126
[debug] [2026-06-09T19:54:00.772Z] Checked if tokens are valid: true, expires at: 1781036251126
[debug] [2026-06-09T19:54:00.772Z] Checked if tokens are valid: true, expires at: 1781036251126
[debug] [2026-06-09T19:54:00.772Z] Checked if tokens are valid: true, expires at: 1781036251126
[debug] [2026-06-09T19:54:00.772Z] Checked if tokens are valid: true, expires at: 1781036251126
[debug] [2026-06-09T19:54:00.773Z] Checked if tokens are valid: true, expires at: 1781036251126
[debug] [2026-06-09T19:54:00.773Z] Checked if tokens are valid: true, expires at: 1781036251126
[debug] [2026-06-09T19:54:00.773Z] Checked if tokens are valid: true, expires at: 1781036251126
[debug] [2026-06-09T19:54:00.773Z] Checked if tokens are valid: true, expires at: 1781036251126
[debug] [2026-06-09T19:54:00.773Z] Checked if tokens are valid: true, expires at: 1781036251126
[debug] [2026-06-09T19:54:00.773Z] Checked if tokens are valid: true, expires at: 1781036251126
[debug] [2026-06-09T19:54:00.773Z] Checked if tokens are valid: true, expires at: 1781036251126
[debug] [2026-06-09T19:54:00.773Z] Checked if tokens are valid: true, expires at: 1781036251126
[debug] [2026-06-09T19:54:00.773Z] Checked if tokens are valid: true, expires at: 1781036251126
[debug] [2026-06-09T19:54:00.773Z] Checked if tokens are valid: true, expires at: 1781036251126
[debug] [2026-06-09T19:54:00.773Z] Checked if tokens are valid: true, expires at: 1781036251126
[debug] [2026-06-09T19:54:00.773Z] Checked if tokens are valid: true, expires at: 1781036251126
[debug] [2026-06-09T19:54:00.773Z] Checked if tokens are valid: true, expires at: 1781036251126
[debug] [2026-06-09T19:54:00.773Z] Checked if tokens are valid: true, expires at: 1781036251126
[debug] [2026-06-09T19:54:00.773Z] Checked if tokens are valid: true, expires at: 1781036251126
[debug] [2026-06-09T19:54:00.773Z] Checked if tokens are valid: true, expires at: 1781036251126
[debug] [2026-06-09T19:54:00.774Z] Checked if tokens are valid: true, expires at: 1781036251126
[debug] [2026-06-09T19:54:00.774Z] Checked if tokens are valid: true, expires at: 1781036251126
[debug] [2026-06-09T19:54:00.774Z] Checked if tokens are valid: true, expires at: 1781036251126
[debug] [2026-06-09T19:54:00.774Z] Checked if tokens are valid: true, expires at: 1781036251126
[debug] [2026-06-09T19:54:00.774Z] Checked if tokens are valid: true, expires at: 1781036251126
[debug] [2026-06-09T19:54:00.774Z] Checked if tokens are valid: true, expires at: 1781036251126
[debug] [2026-06-09T19:54:00.774Z] Checked if tokens are valid: true, expires at: 1781036251126
[debug] [2026-06-09T19:54:00.774Z] Checked if tokens are valid: true, expires at: 1781036251126
[debug] [2026-06-09T19:54:00.774Z] Checked if tokens are valid: true, expires at: 1781036251126
[debug] [2026-06-09T19:54:00.774Z] Checked if tokens are valid: true, expires at: 1781036251126
[debug] [2026-06-09T19:54:00.774Z] Checked if tokens are valid: true, expires at: 1781036251126
[debug] [2026-06-09T19:54:00.774Z] Checked if tokens are valid: true, expires at: 1781036251126
[debug] [2026-06-09T19:54:00.774Z] Checked if tokens are valid: true, expires at: 1781036251126
[debug] [2026-06-09T19:54:00.774Z] Checked if tokens are valid: true, expires at: 1781036251126
[debug] [2026-06-09T19:54:00.774Z] Checked if tokens are valid: true, expires at: 1781036251126
[debug] [2026-06-09T19:54:00.774Z] Checked if tokens are valid: true, expires at: 1781036251126
[debug] [2026-06-09T19:54:00.774Z] Checked if tokens are valid: true, expires at: 1781036251126
[debug] [2026-06-09T19:54:00.774Z] Checked if tokens are valid: true, expires at: 1781036251126
[debug] [2026-06-09T19:54:00.774Z] Checked if tokens are valid: true, expires at: 1781036251126
[debug] [2026-06-09T19:54:00.775Z] Checked if tokens are valid: true, expires at: 1781036251126
[debug] [2026-06-09T19:54:00.775Z] Checked if tokens are valid: true, expires at: 1781036251126
[debug] [2026-06-09T19:54:00.775Z] Checked if tokens are valid: true, expires at: 1781036251126
[debug] [2026-06-09T19:54:00.775Z] Checked if tokens are valid: true, expires at: 1781036251126
[debug] [2026-06-09T19:54:00.775Z] Checked if tokens are valid: true, expires at: 1781036251126
[debug] [2026-06-09T19:54:00.775Z] Checked if tokens are valid: true, expires at: 1781036251126
[debug] [2026-06-09T19:54:00.775Z] Checked if tokens are valid: true, expires at: 1781036251126
[debug] [2026-06-09T19:54:00.775Z] Checked if tokens are valid: true, expires at: 1781036251126
[debug] [2026-06-09T19:54:00.775Z] Checked if tokens are valid: true, expires at: 1781036251126
[debug] [2026-06-09T19:54:00.775Z] Checked if tokens are valid: true, expires at: 1781036251126
[debug] [2026-06-09T19:54:00.775Z] Checked if tokens are valid: true, expires at: 1781036251126
[debug] [2026-06-09T19:54:00.776Z] Checked if tokens are valid: true, expires at: 1781036251126
[debug] [2026-06-09T19:54:00.776Z] Checked if tokens are valid: true, expires at: 1781036251126
[debug] [2026-06-09T19:54:00.776Z] Checked if tokens are valid: true, expires at: 1781036251126
[debug] [2026-06-09T19:54:00.776Z] Checked if tokens are valid: true, expires at: 1781036251126
[debug] [2026-06-09T19:54:00.776Z] Checked if tokens are valid: true, expires at: 1781036251126
[debug] [2026-06-09T19:54:00.776Z] Checked if tokens are valid: true, expires at: 1781036251126
[debug] [2026-06-09T19:54:00.776Z] Checked if tokens are valid: true, expires at: 1781036251126
[debug] [2026-06-09T19:54:00.776Z] Checked if tokens are valid: true, expires at: 1781036251126
[debug] [2026-06-09T19:54:00.776Z] Checked if tokens are valid: true, expires at: 1781036251126
[debug] [2026-06-09T19:54:00.776Z] Checked if tokens are valid: true, expires at: 1781036251126
[debug] [2026-06-09T19:54:00.776Z] Checked if tokens are valid: true, expires at: 1781036251126
[debug] [2026-06-09T19:54:00.776Z] Checked if tokens are valid: true, expires at: 1781036251126
[debug] [2026-06-09T19:54:00.776Z] Checked if tokens are valid: true, expires at: 1781036251126
[debug] [2026-06-09T19:54:00.776Z] Checked if tokens are valid: true, expires at: 1781036251126
[debug] [2026-06-09T19:54:00.776Z] Checked if tokens are valid: true, expires at: 1781036251126
[debug] [2026-06-09T19:54:00.776Z] Checked if tokens are valid: true, expires at: 1781036251126
[debug] [2026-06-09T19:54:00.777Z] Checked if tokens are valid: true, expires at: 1781036251126
[debug] [2026-06-09T19:54:00.777Z] Checked if tokens are valid: true, expires at: 1781036251126
[debug] [2026-06-09T19:54:00.777Z] Checked if tokens are valid: true, expires at: 1781036251126
[debug] [2026-06-09T19:54:00.777Z] Checked if tokens are valid: true, expires at: 1781036251126
[debug] [2026-06-09T19:54:00.777Z] Checked if tokens are valid: true, expires at: 1781036251126
[debug] [2026-06-09T19:54:00.777Z] Checked if tokens are valid: true, expires at: 1781036251126
[debug] [2026-06-09T19:54:00.777Z] Checked if tokens are valid: true, expires at: 1781036251126
[debug] [2026-06-09T19:54:00.777Z] Checked if tokens are valid: true, expires at: 1781036251126
[debug] [2026-06-09T19:54:00.777Z] Checked if tokens are valid: true, expires at: 1781036251126
[debug] [2026-06-09T19:54:00.777Z] Checked if tokens are valid: true, expires at: 1781036251126
[debug] [2026-06-09T19:54:00.777Z] Checked if tokens are valid: true, expires at: 1781036251126
[debug] [2026-06-09T19:54:00.777Z] Checked if tokens are valid: true, expires at: 1781036251126
[debug] [2026-06-09T19:54:00.777Z] Checked if tokens are valid: true, expires at: 1781036251126
[debug] [2026-06-09T19:54:00.777Z] Checked if tokens are valid: true, expires at: 1781036251126
[debug] [2026-06-09T19:54:00.777Z] Checked if tokens are valid: true, expires at: 1781036251126
[debug] [2026-06-09T19:54:00.777Z] Checked if tokens are valid: true, expires at: 1781036251126
[debug] [2026-06-09T19:54:00.777Z] Checked if tokens are valid: true, expires at: 1781036251126
[debug] [2026-06-09T19:54:00.777Z] Checked if tokens are valid: true, expires at: 1781036251126
[debug] [2026-06-09T19:54:00.777Z] Checked if tokens are valid: true, expires at: 1781036251126
[debug] [2026-06-09T19:54:00.778Z] Checked if tokens are valid: true, expires at: 1781036251126
[debug] [2026-06-09T19:54:00.778Z] Checked if tokens are valid: true, expires at: 1781036251126
[debug] [2026-06-09T19:54:00.778Z] Checked if tokens are valid: true, expires at: 1781036251126
[debug] [2026-06-09T19:54:00.778Z] Checked if tokens are valid: true, expires at: 1781036251126
[debug] [2026-06-09T19:54:00.778Z] Checked if tokens are valid: true, expires at: 1781036251126
[debug] [2026-06-09T19:54:00.778Z] Checked if tokens are valid: true, expires at: 1781036251126
[debug] [2026-06-09T19:54:00.778Z] Checked if tokens are valid: true, expires at: 1781036251126
[debug] [2026-06-09T19:54:00.778Z] Checked if tokens are valid: true, expires at: 1781036251126
[debug] [2026-06-09T19:54:00.778Z] Checked if tokens are valid: true, expires at: 1781036251126
[debug] [2026-06-09T19:54:00.778Z] Checked if tokens are valid: true, expires at: 1781036251126
[debug] [2026-06-09T19:54:00.778Z] Checked if tokens are valid: true, expires at: 1781036251126
[debug] [2026-06-09T19:54:00.778Z] Checked if tokens are valid: true, expires at: 1781036251126
[debug] [2026-06-09T19:54:00.778Z] Checked if tokens are valid: true, expires at: 1781036251126
[debug] [2026-06-09T19:54:00.778Z] Checked if tokens are valid: true, expires at: 1781036251126
[debug] [2026-06-09T19:54:00.778Z] Checked if tokens are valid: true, expires at: 1781036251126
[debug] [2026-06-09T19:54:00.778Z] Checked if tokens are valid: true, expires at: 1781036251126
[debug] [2026-06-09T19:54:00.778Z] Checked if tokens are valid: true, expires at: 1781036251126
[debug] [2026-06-09T19:54:00.779Z] Checked if tokens are valid: true, expires at: 1781036251126
[debug] [2026-06-09T19:54:00.779Z] Checked if tokens are valid: true, expires at: 1781036251126
[debug] [2026-06-09T19:54:00.779Z] Checked if tokens are valid: true, expires at: 1781036251126
[debug] [2026-06-09T19:54:00.779Z] Checked if tokens are valid: true, expires at: 1781036251126
[debug] [2026-06-09T19:54:00.779Z] Checked if tokens are valid: true, expires at: 1781036251126
[debug] [2026-06-09T19:54:00.779Z] Checked if tokens are valid: true, expires at: 1781036251126
[debug] [2026-06-09T19:54:00.779Z] Checked if tokens are valid: true, expires at: 1781036251126
[debug] [2026-06-09T19:54:00.779Z] Checked if tokens are valid: true, expires at: 1781036251126
[debug] [2026-06-09T19:54:00.779Z] Checked if tokens are valid: true, expires at: 1781036251126
[debug] [2026-06-09T19:54:00.779Z] Checked if tokens are valid: true, expires at: 1781036251126
[debug] [2026-06-09T19:54:00.779Z] Checked if tokens are valid: true, expires at: 1781036251126
[debug] [2026-06-09T19:54:00.779Z] Checked if tokens are valid: true, expires at: 1781036251126
[debug] [2026-06-09T19:54:00.779Z] Checked if tokens are valid: true, expires at: 1781036251126
[debug] [2026-06-09T19:54:00.779Z] Checked if tokens are valid: true, expires at: 1781036251126
[debug] [2026-06-09T19:54:00.779Z] Checked if tokens are valid: true, expires at: 1781036251126
[debug] [2026-06-09T19:54:00.779Z] Checked if tokens are valid: true, expires at: 1781036251126
[debug] [2026-06-09T19:54:00.779Z] Checked if tokens are valid: true, expires at: 1781036251126
[debug] [2026-06-09T19:54:00.779Z] Checked if tokens are valid: true, expires at: 1781036251126
[debug] [2026-06-09T19:54:00.780Z] Checked if tokens are valid: true, expires at: 1781036251126
[debug] [2026-06-09T19:54:00.780Z] Checked if tokens are valid: true, expires at: 1781036251126
[debug] [2026-06-09T19:54:00.780Z] Checked if tokens are valid: true, expires at: 1781036251126
[debug] [2026-06-09T19:54:00.780Z] Checked if tokens are valid: true, expires at: 1781036251126
[debug] [2026-06-09T19:54:00.780Z] Checked if tokens are valid: true, expires at: 1781036251126
[debug] [2026-06-09T19:54:00.780Z] Checked if tokens are valid: true, expires at: 1781036251126
[debug] [2026-06-09T19:54:00.780Z] Checked if tokens are valid: true, expires at: 1781036251126
[debug] [2026-06-09T19:54:00.780Z] Checked if tokens are valid: true, expires at: 1781036251126
[debug] [2026-06-09T19:54:00.780Z] Checked if tokens are valid: true, expires at: 1781036251126
[debug] [2026-06-09T19:54:00.780Z] Checked if tokens are valid: true, expires at: 1781036251126
[debug] [2026-06-09T19:54:00.780Z] Checked if tokens are valid: true, expires at: 1781036251126
[debug] [2026-06-09T19:54:00.780Z] Checked if tokens are valid: true, expires at: 1781036251126
[debug] [2026-06-09T19:54:00.780Z] Checked if tokens are valid: true, expires at: 1781036251126
[debug] [2026-06-09T19:54:00.780Z] Checked if tokens are valid: true, expires at: 1781036251126
[debug] [2026-06-09T19:54:00.780Z] Checked if tokens are valid: true, expires at: 1781036251126
[debug] [2026-06-09T19:54:00.780Z] Checked if tokens are valid: true, expires at: 1781036251126
[debug] [2026-06-09T19:54:00.780Z] Checked if tokens are valid: true, expires at: 1781036251126
[debug] [2026-06-09T19:54:00.780Z] Checked if tokens are valid: true, expires at: 1781036251126
[debug] [2026-06-09T19:54:00.781Z] Checked if tokens are valid: true, expires at: 1781036251126
[debug] [2026-06-09T19:54:00.781Z] Checked if tokens are valid: true, expires at: 1781036251126
[debug] [2026-06-09T19:54:00.781Z] Checked if tokens are valid: true, expires at: 1781036251126
[debug] [2026-06-09T19:54:00.781Z] Checked if tokens are valid: true, expires at: 1781036251126
[debug] [2026-06-09T19:54:00.781Z] Checked if tokens are valid: true, expires at: 1781036251126
[debug] [2026-06-09T19:54:00.781Z] Checked if tokens are valid: true, expires at: 1781036251126
[debug] [2026-06-09T19:54:00.781Z] Checked if tokens are valid: true, expires at: 1781036251126
[debug] [2026-06-09T19:54:00.781Z] Checked if tokens are valid: true, expires at: 1781036251126
[debug] [2026-06-09T19:54:00.781Z] Checked if tokens are valid: true, expires at: 1781036251126
[debug] [2026-06-09T19:54:00.781Z] Checked if tokens are valid: true, expires at: 1781036251126
[debug] [2026-06-09T19:54:00.781Z] Checked if tokens are valid: true, expires at: 1781036251126
[debug] [2026-06-09T19:54:00.781Z] Checked if tokens are valid: true, expires at: 1781036251126
[debug] [2026-06-09T19:54:00.781Z] Checked if tokens are valid: true, expires at: 1781036251126
[debug] [2026-06-09T19:54:00.781Z] Checked if tokens are valid: true, expires at: 1781036251126
[debug] [2026-06-09T19:54:00.782Z] Checked if tokens are valid: true, expires at: 1781036251126
[debug] [2026-06-09T19:54:00.782Z] Checked if tokens are valid: true, expires at: 1781036251126
[debug] [2026-06-09T19:54:00.782Z] Checked if tokens are valid: true, expires at: 1781036251126
[debug] [2026-06-09T19:54:00.782Z] Checked if tokens are valid: true, expires at: 1781036251126
[debug] [2026-06-09T19:54:00.782Z] Checked if tokens are valid: true, expires at: 1781036251126
[debug] [2026-06-09T19:54:00.782Z] Checked if tokens are valid: true, expires at: 1781036251126
[debug] [2026-06-09T19:54:00.782Z] Checked if tokens are valid: true, expires at: 1781036251126
[debug] [2026-06-09T19:54:00.782Z] Checked if tokens are valid: true, expires at: 1781036251126
[debug] [2026-06-09T19:54:00.782Z] Checked if tokens are valid: true, expires at: 1781036251126
[debug] [2026-06-09T19:54:00.782Z] Checked if tokens are valid: true, expires at: 1781036251126
[debug] [2026-06-09T19:54:00.782Z] Checked if tokens are valid: true, expires at: 1781036251126
[debug] [2026-06-09T19:54:00.782Z] Checked if tokens are valid: true, expires at: 1781036251126
[debug] [2026-06-09T19:54:00.782Z] Checked if tokens are valid: true, expires at: 1781036251126
[debug] [2026-06-09T19:54:00.782Z] Checked if tokens are valid: true, expires at: 1781036251126
[debug] [2026-06-09T19:54:00.782Z] Checked if tokens are valid: true, expires at: 1781036251126
[debug] [2026-06-09T19:54:00.782Z] Checked if tokens are valid: true, expires at: 1781036251126
[debug] [2026-06-09T19:54:00.783Z] >>> [apiv2][query] POST https://upload-firebasehosting.googleapis.com/upload/sites/shareshuffle-c7f96/versions/2429dcadd35a1463/files/2aca2ed045060fb2b77289a2c41daf40935afb6afcacc3b40695d79e5ab555db [none]
[debug] [2026-06-09T19:54:00.783Z] >>> [apiv2][body] POST https://upload-firebasehosting.googleapis.com/upload/sites/shareshuffle-c7f96/versions/2429dcadd35a1463/files/2aca2ed045060fb2b77289a2c41daf40935afb6afcacc3b40695d79e5ab555db [stream]
[debug] [2026-06-09T19:54:00.784Z] >>> [apiv2][query] POST https://upload-firebasehosting.googleapis.com/upload/sites/shareshuffle-c7f96/versions/2429dcadd35a1463/files/fa793ee3220be0e74bfd22ca89d4f5aa5333910623e068fe142c45bc5ab5d428 [none]
[debug] [2026-06-09T19:54:00.784Z] >>> [apiv2][body] POST https://upload-firebasehosting.googleapis.com/upload/sites/shareshuffle-c7f96/versions/2429dcadd35a1463/files/fa793ee3220be0e74bfd22ca89d4f5aa5333910623e068fe142c45bc5ab5d428 [stream]
[debug] [2026-06-09T19:54:00.785Z] >>> [apiv2][query] POST https://upload-firebasehosting.googleapis.com/upload/sites/shareshuffle-c7f96/versions/2429dcadd35a1463/files/eb510e0b0e60b65e28db5ab934e72e2004498e6e5ea785083aac84e91023e61a [none]
[debug] [2026-06-09T19:54:00.785Z] >>> [apiv2][body] POST https://upload-firebasehosting.googleapis.com/upload/sites/shareshuffle-c7f96/versions/2429dcadd35a1463/files/eb510e0b0e60b65e28db5ab934e72e2004498e6e5ea785083aac84e91023e61a [stream]
[debug] [2026-06-09T19:54:00.785Z] >>> [apiv2][query] POST https://upload-firebasehosting.googleapis.com/upload/sites/shareshuffle-c7f96/versions/2429dcadd35a1463/files/8eb3a8b601d40be2d9f7193e2fca5e2ff778df7f5aed137d67a194fb1bc005ac [none]
[debug] [2026-06-09T19:54:00.785Z] >>> [apiv2][body] POST https://upload-firebasehosting.googleapis.com/upload/sites/shareshuffle-c7f96/versions/2429dcadd35a1463/files/8eb3a8b601d40be2d9f7193e2fca5e2ff778df7f5aed137d67a194fb1bc005ac [stream]
[debug] [2026-06-09T19:54:00.786Z] >>> [apiv2][query] POST https://upload-firebasehosting.googleapis.com/upload/sites/shareshuffle-c7f96/versions/2429dcadd35a1463/files/64929c4a3c1c8936ed4637734c357d1bbb31ff28c4b40ad35b5201eb7357c90b [none]
[debug] [2026-06-09T19:54:00.786Z] >>> [apiv2][body] POST https://upload-firebasehosting.googleapis.com/upload/sites/shareshuffle-c7f96/versions/2429dcadd35a1463/files/64929c4a3c1c8936ed4637734c357d1bbb31ff28c4b40ad35b5201eb7357c90b [stream]
[debug] [2026-06-09T19:54:00.786Z] >>> [apiv2][query] POST https://upload-firebasehosting.googleapis.com/upload/sites/shareshuffle-c7f96/versions/2429dcadd35a1463/files/b54c6c35fb5a72d8d9aef27513fbba1d5ed711187adcabf6e61d1c00bf58e168 [none]
[debug] [2026-06-09T19:54:00.786Z] >>> [apiv2][body] POST https://upload-firebasehosting.googleapis.com/upload/sites/shareshuffle-c7f96/versions/2429dcadd35a1463/files/b54c6c35fb5a72d8d9aef27513fbba1d5ed711187adcabf6e61d1c00bf58e168 [stream]
[debug] [2026-06-09T19:54:00.787Z] >>> [apiv2][query] POST https://upload-firebasehosting.googleapis.com/upload/sites/shareshuffle-c7f96/versions/2429dcadd35a1463/files/9ff3c288e6019a90ebafdc6825452c3f5de62a696e23112b3ef8fc381404580a [none]
[debug] [2026-06-09T19:54:00.787Z] >>> [apiv2][body] POST https://upload-firebasehosting.googleapis.com/upload/sites/shareshuffle-c7f96/versions/2429dcadd35a1463/files/9ff3c288e6019a90ebafdc6825452c3f5de62a696e23112b3ef8fc381404580a [stream]
[debug] [2026-06-09T19:54:00.788Z] >>> [apiv2][query] POST https://upload-firebasehosting.googleapis.com/upload/sites/shareshuffle-c7f96/versions/2429dcadd35a1463/files/c280a90e9989e4f1d24b20a990646d2eb9895691c9d85e07741a2a2ec8cc745d [none]
[debug] [2026-06-09T19:54:00.788Z] >>> [apiv2][body] POST https://upload-firebasehosting.googleapis.com/upload/sites/shareshuffle-c7f96/versions/2429dcadd35a1463/files/c280a90e9989e4f1d24b20a990646d2eb9895691c9d85e07741a2a2ec8cc745d [stream]
[debug] [2026-06-09T19:54:00.788Z] >>> [apiv2][query] POST https://upload-firebasehosting.googleapis.com/upload/sites/shareshuffle-c7f96/versions/2429dcadd35a1463/files/5f6f8fef87fee7b0996b2a31670ebc462b0d4bddf48c1f7b31414645f82963fb [none]
[debug] [2026-06-09T19:54:00.788Z] >>> [apiv2][body] POST https://upload-firebasehosting.googleapis.com/upload/sites/shareshuffle-c7f96/versions/2429dcadd35a1463/files/5f6f8fef87fee7b0996b2a31670ebc462b0d4bddf48c1f7b31414645f82963fb [stream]
[debug] [2026-06-09T19:54:00.789Z] >>> [apiv2][query] POST https://upload-firebasehosting.googleapis.com/upload/sites/shareshuffle-c7f96/versions/2429dcadd35a1463/files/93e9f229b0844ea95e1fecc51db41e8c855eb23d18ac2292e595ab5cc16e2e10 [none]
[debug] [2026-06-09T19:54:00.789Z] >>> [apiv2][body] POST https://upload-firebasehosting.googleapis.com/upload/sites/shareshuffle-c7f96/versions/2429dcadd35a1463/files/93e9f229b0844ea95e1fecc51db41e8c855eb23d18ac2292e595ab5cc16e2e10 [stream]
[debug] [2026-06-09T19:54:00.789Z] >>> [apiv2][query] POST https://upload-firebasehosting.googleapis.com/upload/sites/shareshuffle-c7f96/versions/2429dcadd35a1463/files/d0767113ec5be6e2db15cbfe6b78a27ca49fa7d04a0c9576090627cfb54bfd76 [none]
[debug] [2026-06-09T19:54:00.790Z] >>> [apiv2][body] POST https://upload-firebasehosting.googleapis.com/upload/sites/shareshuffle-c7f96/versions/2429dcadd35a1463/files/d0767113ec5be6e2db15cbfe6b78a27ca49fa7d04a0c9576090627cfb54bfd76 [stream]
[debug] [2026-06-09T19:54:00.790Z] >>> [apiv2][query] POST https://upload-firebasehosting.googleapis.com/upload/sites/shareshuffle-c7f96/versions/2429dcadd35a1463/files/a39dc51e21d1523cdef2091e7c7ab30a33ad42a7cd5da1f45139746e5c24b667 [none]
[debug] [2026-06-09T19:54:00.790Z] >>> [apiv2][body] POST https://upload-firebasehosting.googleapis.com/upload/sites/shareshuffle-c7f96/versions/2429dcadd35a1463/files/a39dc51e21d1523cdef2091e7c7ab30a33ad42a7cd5da1f45139746e5c24b667 [stream]
[debug] [2026-06-09T19:54:00.791Z] >>> [apiv2][query] POST https://upload-firebasehosting.googleapis.com/upload/sites/shareshuffle-c7f96/versions/2429dcadd35a1463/files/bbcf5bf20c1f551bd2550fd2516e26f23238968f192571b93e80aa15b94af5ae [none]
[debug] [2026-06-09T19:54:00.791Z] >>> [apiv2][body] POST https://upload-firebasehosting.googleapis.com/upload/sites/shareshuffle-c7f96/versions/2429dcadd35a1463/files/bbcf5bf20c1f551bd2550fd2516e26f23238968f192571b93e80aa15b94af5ae [stream]
[debug] [2026-06-09T19:54:00.791Z] >>> [apiv2][query] POST https://upload-firebasehosting.googleapis.com/upload/sites/shareshuffle-c7f96/versions/2429dcadd35a1463/files/29aab94444f02212842ee8da278752aabdd1ded3a22b71ae3b18a374501cb2d6 [none]
[debug] [2026-06-09T19:54:00.791Z] >>> [apiv2][body] POST https://upload-firebasehosting.googleapis.com/upload/sites/shareshuffle-c7f96/versions/2429dcadd35a1463/files/29aab94444f02212842ee8da278752aabdd1ded3a22b71ae3b18a374501cb2d6 [stream]
[debug] [2026-06-09T19:54:00.792Z] >>> [apiv2][query] POST https://upload-firebasehosting.googleapis.com/upload/sites/shareshuffle-c7f96/versions/2429dcadd35a1463/files/3196da819453e10a6284a8297f5d0c2daedf2584e5bcee64212a3e8d9be9d90c [none]
[debug] [2026-06-09T19:54:00.792Z] >>> [apiv2][body] POST https://upload-firebasehosting.googleapis.com/upload/sites/shareshuffle-c7f96/versions/2429dcadd35a1463/files/3196da819453e10a6284a8297f5d0c2daedf2584e5bcee64212a3e8d9be9d90c [stream]
[debug] [2026-06-09T19:54:00.792Z] >>> [apiv2][query] POST https://upload-firebasehosting.googleapis.com/upload/sites/shareshuffle-c7f96/versions/2429dcadd35a1463/files/f15a2e05e1daec7290cd24d0e1dcd75375c49e6508f47b6a6f4af5d44cec7823 [none]
[debug] [2026-06-09T19:54:00.793Z] >>> [apiv2][body] POST https://upload-firebasehosting.googleapis.com/upload/sites/shareshuffle-c7f96/versions/2429dcadd35a1463/files/f15a2e05e1daec7290cd24d0e1dcd75375c49e6508f47b6a6f4af5d44cec7823 [stream]
[debug] [2026-06-09T19:54:00.793Z] >>> [apiv2][query] POST https://upload-firebasehosting.googleapis.com/upload/sites/shareshuffle-c7f96/versions/2429dcadd35a1463/files/e3175568e9ce21f1a9397e2f70f4cf94523af41a9c00885144e018918405dde9 [none]
[debug] [2026-06-09T19:54:00.793Z] >>> [apiv2][body] POST https://upload-firebasehosting.googleapis.com/upload/sites/shareshuffle-c7f96/versions/2429dcadd35a1463/files/e3175568e9ce21f1a9397e2f70f4cf94523af41a9c00885144e018918405dde9 [stream]
[debug] [2026-06-09T19:54:00.794Z] >>> [apiv2][query] POST https://upload-firebasehosting.googleapis.com/upload/sites/shareshuffle-c7f96/versions/2429dcadd35a1463/files/630f342d1191f0360553b2bfcae2d1801002847b63b3834404fceb59ec47de98 [none]
[debug] [2026-06-09T19:54:00.794Z] >>> [apiv2][body] POST https://upload-firebasehosting.googleapis.com/upload/sites/shareshuffle-c7f96/versions/2429dcadd35a1463/files/630f342d1191f0360553b2bfcae2d1801002847b63b3834404fceb59ec47de98 [stream]
[debug] [2026-06-09T19:54:00.795Z] >>> [apiv2][query] POST https://upload-firebasehosting.googleapis.com/upload/sites/shareshuffle-c7f96/versions/2429dcadd35a1463/files/a29fffddf1865f78600767e8c1a260bd1c895fa01db8f2b4957a8d76e57ae7d2 [none]
[debug] [2026-06-09T19:54:00.795Z] >>> [apiv2][body] POST https://upload-firebasehosting.googleapis.com/upload/sites/shareshuffle-c7f96/versions/2429dcadd35a1463/files/a29fffddf1865f78600767e8c1a260bd1c895fa01db8f2b4957a8d76e57ae7d2 [stream]
[debug] [2026-06-09T19:54:00.795Z] >>> [apiv2][query] POST https://upload-firebasehosting.googleapis.com/upload/sites/shareshuffle-c7f96/versions/2429dcadd35a1463/files/4dc9ad37e70bb53dfa988313e215ab29aea099504f55e97834ef344309644fa4 [none]
[debug] [2026-06-09T19:54:00.795Z] >>> [apiv2][body] POST https://upload-firebasehosting.googleapis.com/upload/sites/shareshuffle-c7f96/versions/2429dcadd35a1463/files/4dc9ad37e70bb53dfa988313e215ab29aea099504f55e97834ef344309644fa4 [stream]
[debug] [2026-06-09T19:54:00.796Z] >>> [apiv2][query] POST https://upload-firebasehosting.googleapis.com/upload/sites/shareshuffle-c7f96/versions/2429dcadd35a1463/files/cf02fe20fbd6b49eee8dbd4361f187957602ce2afa1544c57d72735579ef35c8 [none]
[debug] [2026-06-09T19:54:00.796Z] >>> [apiv2][body] POST https://upload-firebasehosting.googleapis.com/upload/sites/shareshuffle-c7f96/versions/2429dcadd35a1463/files/cf02fe20fbd6b49eee8dbd4361f187957602ce2afa1544c57d72735579ef35c8 [stream]
[debug] [2026-06-09T19:54:00.796Z] >>> [apiv2][query] POST https://upload-firebasehosting.googleapis.com/upload/sites/shareshuffle-c7f96/versions/2429dcadd35a1463/files/22707a1bf1ff0582cdc904443738e37baaafb058a1e61ff782af8b72ea64b073 [none]
[debug] [2026-06-09T19:54:00.796Z] >>> [apiv2][body] POST https://upload-firebasehosting.googleapis.com/upload/sites/shareshuffle-c7f96/versions/2429dcadd35a1463/files/22707a1bf1ff0582cdc904443738e37baaafb058a1e61ff782af8b72ea64b073 [stream]
[debug] [2026-06-09T19:54:00.797Z] >>> [apiv2][query] POST https://upload-firebasehosting.googleapis.com/upload/sites/shareshuffle-c7f96/versions/2429dcadd35a1463/files/f1b651238a58fe290baec6c5e32f3bdb1943dd2bd582f02569231f7a757c7837 [none]
[debug] [2026-06-09T19:54:00.797Z] >>> [apiv2][body] POST https://upload-firebasehosting.googleapis.com/upload/sites/shareshuffle-c7f96/versions/2429dcadd35a1463/files/f1b651238a58fe290baec6c5e32f3bdb1943dd2bd582f02569231f7a757c7837 [stream]
[debug] [2026-06-09T19:54:00.797Z] >>> [apiv2][query] POST https://upload-firebasehosting.googleapis.com/upload/sites/shareshuffle-c7f96/versions/2429dcadd35a1463/files/8621fc6acbd265504ef3f1785f931e286e70ffcb6ae4c142bd1439e6c5789560 [none]
[debug] [2026-06-09T19:54:00.797Z] >>> [apiv2][body] POST https://upload-firebasehosting.googleapis.com/upload/sites/shareshuffle-c7f96/versions/2429dcadd35a1463/files/8621fc6acbd265504ef3f1785f931e286e70ffcb6ae4c142bd1439e6c5789560 [stream]
[debug] [2026-06-09T19:54:00.797Z] >>> [apiv2][query] POST https://upload-firebasehosting.googleapis.com/upload/sites/shareshuffle-c7f96/versions/2429dcadd35a1463/files/3f826fc0db67c23433cc9ee8a793342bfd187a65188267ba4c3745a227b1316a [none]
[debug] [2026-06-09T19:54:00.797Z] >>> [apiv2][body] POST https://upload-firebasehosting.googleapis.com/upload/sites/shareshuffle-c7f96/versions/2429dcadd35a1463/files/3f826fc0db67c23433cc9ee8a793342bfd187a65188267ba4c3745a227b1316a [stream]
[debug] [2026-06-09T19:54:00.798Z] >>> [apiv2][query] POST https://upload-firebasehosting.googleapis.com/upload/sites/shareshuffle-c7f96/versions/2429dcadd35a1463/files/df20ed1d0c95c0ffd84b6d554be6fdabbec22b308d23302bbaba5cad119b59e2 [none]
[debug] [2026-06-09T19:54:00.798Z] >>> [apiv2][body] POST https://upload-firebasehosting.googleapis.com/upload/sites/shareshuffle-c7f96/versions/2429dcadd35a1463/files/df20ed1d0c95c0ffd84b6d554be6fdabbec22b308d23302bbaba5cad119b59e2 [stream]
[debug] [2026-06-09T19:54:00.799Z] >>> [apiv2][query] POST https://upload-firebasehosting.googleapis.com/upload/sites/shareshuffle-c7f96/versions/2429dcadd35a1463/files/8c819c68addeff3a936b00685d856d8c8f09a609e991f2c04573b07ab2a64f73 [none]
[debug] [2026-06-09T19:54:00.799Z] >>> [apiv2][body] POST https://upload-firebasehosting.googleapis.com/upload/sites/shareshuffle-c7f96/versions/2429dcadd35a1463/files/8c819c68addeff3a936b00685d856d8c8f09a609e991f2c04573b07ab2a64f73 [stream]
[debug] [2026-06-09T19:54:00.799Z] >>> [apiv2][query] POST https://upload-firebasehosting.googleapis.com/upload/sites/shareshuffle-c7f96/versions/2429dcadd35a1463/files/82f5587205a55493f26e63fa3e8c4c02d455b77ed9430a46bb3696890e1e9c06 [none]
[debug] [2026-06-09T19:54:00.799Z] >>> [apiv2][body] POST https://upload-firebasehosting.googleapis.com/upload/sites/shareshuffle-c7f96/versions/2429dcadd35a1463/files/82f5587205a55493f26e63fa3e8c4c02d455b77ed9430a46bb3696890e1e9c06 [stream]
[debug] [2026-06-09T19:54:00.800Z] >>> [apiv2][query] POST https://upload-firebasehosting.googleapis.com/upload/sites/shareshuffle-c7f96/versions/2429dcadd35a1463/files/6b14bdfc516837250fa1cf9b81c9b7effeb70534b99f1b40c949a633715ee3fd [none]
[debug] [2026-06-09T19:54:00.800Z] >>> [apiv2][body] POST https://upload-firebasehosting.googleapis.com/upload/sites/shareshuffle-c7f96/versions/2429dcadd35a1463/files/6b14bdfc516837250fa1cf9b81c9b7effeb70534b99f1b40c949a633715ee3fd [stream]
[debug] [2026-06-09T19:54:00.801Z] >>> [apiv2][query] POST https://upload-firebasehosting.googleapis.com/upload/sites/shareshuffle-c7f96/versions/2429dcadd35a1463/files/68d8ea9a1698426a928b98a6c00118ba9b205fe5ce814c7e74394f3fe3eea891 [none]
[debug] [2026-06-09T19:54:00.801Z] >>> [apiv2][body] POST https://upload-firebasehosting.googleapis.com/upload/sites/shareshuffle-c7f96/versions/2429dcadd35a1463/files/68d8ea9a1698426a928b98a6c00118ba9b205fe5ce814c7e74394f3fe3eea891 [stream]
[debug] [2026-06-09T19:54:00.801Z] >>> [apiv2][query] POST https://upload-firebasehosting.googleapis.com/upload/sites/shareshuffle-c7f96/versions/2429dcadd35a1463/files/c2b2da1beb47473204f6512a45e5b2704673373846e2800e2ab15401bbf0a4b3 [none]
[debug] [2026-06-09T19:54:00.801Z] >>> [apiv2][body] POST https://upload-firebasehosting.googleapis.com/upload/sites/shareshuffle-c7f96/versions/2429dcadd35a1463/files/c2b2da1beb47473204f6512a45e5b2704673373846e2800e2ab15401bbf0a4b3 [stream]
[debug] [2026-06-09T19:54:00.802Z] >>> [apiv2][query] POST https://upload-firebasehosting.googleapis.com/upload/sites/shareshuffle-c7f96/versions/2429dcadd35a1463/files/083b8d19504d20899e5435d752eb9a6181c667b2d5f5ab4a7c76f8f1d51ced58 [none]
[debug] [2026-06-09T19:54:00.802Z] >>> [apiv2][body] POST https://upload-firebasehosting.googleapis.com/upload/sites/shareshuffle-c7f96/versions/2429dcadd35a1463/files/083b8d19504d20899e5435d752eb9a6181c667b2d5f5ab4a7c76f8f1d51ced58 [stream]
[debug] [2026-06-09T19:54:00.802Z] >>> [apiv2][query] POST https://upload-firebasehosting.googleapis.com/upload/sites/shareshuffle-c7f96/versions/2429dcadd35a1463/files/233eb4792ce783ee1bbb334b9e21c04a5b1e2c9c4adce2cb06045134de8eb2c5 [none]
[debug] [2026-06-09T19:54:00.802Z] >>> [apiv2][body] POST https://upload-firebasehosting.googleapis.com/upload/sites/shareshuffle-c7f96/versions/2429dcadd35a1463/files/233eb4792ce783ee1bbb334b9e21c04a5b1e2c9c4adce2cb06045134de8eb2c5 [stream]
[debug] [2026-06-09T19:54:00.803Z] >>> [apiv2][query] POST https://upload-firebasehosting.googleapis.com/upload/sites/shareshuffle-c7f96/versions/2429dcadd35a1463/files/d80717aec73322e5b189c52f5d2f13033fd07d1702a21c5395583d89cf7c8c2d [none]
[debug] [2026-06-09T19:54:00.803Z] >>> [apiv2][body] POST https://upload-firebasehosting.googleapis.com/upload/sites/shareshuffle-c7f96/versions/2429dcadd35a1463/files/d80717aec73322e5b189c52f5d2f13033fd07d1702a21c5395583d89cf7c8c2d [stream]
[debug] [2026-06-09T19:54:00.804Z] >>> [apiv2][query] POST https://upload-firebasehosting.googleapis.com/upload/sites/shareshuffle-c7f96/versions/2429dcadd35a1463/files/e2bce05047b96471c8fa03ce0b7a1ae648b13eac4719d8f1532ada638e86df82 [none]
[debug] [2026-06-09T19:54:00.804Z] >>> [apiv2][body] POST https://upload-firebasehosting.googleapis.com/upload/sites/shareshuffle-c7f96/versions/2429dcadd35a1463/files/e2bce05047b96471c8fa03ce0b7a1ae648b13eac4719d8f1532ada638e86df82 [stream]
[debug] [2026-06-09T19:54:00.805Z] >>> [apiv2][query] POST https://upload-firebasehosting.googleapis.com/upload/sites/shareshuffle-c7f96/versions/2429dcadd35a1463/files/1be71525d0d65f3df705f90df792dc07564a9ad6e170defa232ad0d8c30668c3 [none]
[debug] [2026-06-09T19:54:00.805Z] >>> [apiv2][body] POST https://upload-firebasehosting.googleapis.com/upload/sites/shareshuffle-c7f96/versions/2429dcadd35a1463/files/1be71525d0d65f3df705f90df792dc07564a9ad6e170defa232ad0d8c30668c3 [stream]
[debug] [2026-06-09T19:54:00.807Z] >>> [apiv2][query] POST https://upload-firebasehosting.googleapis.com/upload/sites/shareshuffle-c7f96/versions/2429dcadd35a1463/files/819b4e136824dd0cd59ecd4d35c057efa65802de92bc01750bd01fc21eb94087 [none]
[debug] [2026-06-09T19:54:00.807Z] >>> [apiv2][body] POST https://upload-firebasehosting.googleapis.com/upload/sites/shareshuffle-c7f96/versions/2429dcadd35a1463/files/819b4e136824dd0cd59ecd4d35c057efa65802de92bc01750bd01fc21eb94087 [stream]
[debug] [2026-06-09T19:54:00.807Z] >>> [apiv2][query] POST https://upload-firebasehosting.googleapis.com/upload/sites/shareshuffle-c7f96/versions/2429dcadd35a1463/files/6584811038820a9f283d92a263b2a59f53df2548e7a9c4dddee49b063b31c8fd [none]
[debug] [2026-06-09T19:54:00.807Z] >>> [apiv2][body] POST https://upload-firebasehosting.googleapis.com/upload/sites/shareshuffle-c7f96/versions/2429dcadd35a1463/files/6584811038820a9f283d92a263b2a59f53df2548e7a9c4dddee49b063b31c8fd [stream]
[debug] [2026-06-09T19:54:00.808Z] >>> [apiv2][query] POST https://upload-firebasehosting.googleapis.com/upload/sites/shareshuffle-c7f96/versions/2429dcadd35a1463/files/f59cb366c1a45bb040450ba7a8e7aa39eace7551384e853172f934d35a68b5dd [none]
[debug] [2026-06-09T19:54:00.808Z] >>> [apiv2][body] POST https://upload-firebasehosting.googleapis.com/upload/sites/shareshuffle-c7f96/versions/2429dcadd35a1463/files/f59cb366c1a45bb040450ba7a8e7aa39eace7551384e853172f934d35a68b5dd [stream]
[debug] [2026-06-09T19:54:00.809Z] >>> [apiv2][query] POST https://upload-firebasehosting.googleapis.com/upload/sites/shareshuffle-c7f96/versions/2429dcadd35a1463/files/36fe1ee019f37f619c0c6460649785269a69bbf1d14cb13de7e0370b87635eda [none]
[debug] [2026-06-09T19:54:00.809Z] >>> [apiv2][body] POST https://upload-firebasehosting.googleapis.com/upload/sites/shareshuffle-c7f96/versions/2429dcadd35a1463/files/36fe1ee019f37f619c0c6460649785269a69bbf1d14cb13de7e0370b87635eda [stream]
[debug] [2026-06-09T19:54:00.810Z] >>> [apiv2][query] POST https://upload-firebasehosting.googleapis.com/upload/sites/shareshuffle-c7f96/versions/2429dcadd35a1463/files/6d6ba298a4ade37772ea29e4d203d154fda7cc1f2260eed19dbf21d53a4908ec [none]
[debug] [2026-06-09T19:54:00.810Z] >>> [apiv2][body] POST https://upload-firebasehosting.googleapis.com/upload/sites/shareshuffle-c7f96/versions/2429dcadd35a1463/files/6d6ba298a4ade37772ea29e4d203d154fda7cc1f2260eed19dbf21d53a4908ec [stream]
[debug] [2026-06-09T19:54:00.811Z] >>> [apiv2][query] POST https://upload-firebasehosting.googleapis.com/upload/sites/shareshuffle-c7f96/versions/2429dcadd35a1463/files/9f81c08930493677ad1ac2b198a0ae3f4d3b017a2f86cea2ef1678b472dab015 [none]
[debug] [2026-06-09T19:54:00.811Z] >>> [apiv2][body] POST https://upload-firebasehosting.googleapis.com/upload/sites/shareshuffle-c7f96/versions/2429dcadd35a1463/files/9f81c08930493677ad1ac2b198a0ae3f4d3b017a2f86cea2ef1678b472dab015 [stream]
[debug] [2026-06-09T19:54:00.812Z] >>> [apiv2][query] POST https://upload-firebasehosting.googleapis.com/upload/sites/shareshuffle-c7f96/versions/2429dcadd35a1463/files/c17e6f68fa92fc05ea5cfa7cd0ed84965b575173beb5b0b9da095db04dc5f47a [none]
[debug] [2026-06-09T19:54:00.812Z] >>> [apiv2][body] POST https://upload-firebasehosting.googleapis.com/upload/sites/shareshuffle-c7f96/versions/2429dcadd35a1463/files/c17e6f68fa92fc05ea5cfa7cd0ed84965b575173beb5b0b9da095db04dc5f47a [stream]
[debug] [2026-06-09T19:54:00.813Z] >>> [apiv2][query] POST https://upload-firebasehosting.googleapis.com/upload/sites/shareshuffle-c7f96/versions/2429dcadd35a1463/files/904966bf5dc4d9e9896cdaa6e921b0990587e40f19a699a9e8f6656dc29fd960 [none]
[debug] [2026-06-09T19:54:00.813Z] >>> [apiv2][body] POST https://upload-firebasehosting.googleapis.com/upload/sites/shareshuffle-c7f96/versions/2429dcadd35a1463/files/904966bf5dc4d9e9896cdaa6e921b0990587e40f19a699a9e8f6656dc29fd960 [stream]
[debug] [2026-06-09T19:54:00.813Z] >>> [apiv2][query] POST https://upload-firebasehosting.googleapis.com/upload/sites/shareshuffle-c7f96/versions/2429dcadd35a1463/files/d866ed1553ee626f24e0398400167b63a2516a32eda98d38d6bd8a8290089a37 [none]
[debug] [2026-06-09T19:54:00.813Z] >>> [apiv2][body] POST https://upload-firebasehosting.googleapis.com/upload/sites/shareshuffle-c7f96/versions/2429dcadd35a1463/files/d866ed1553ee626f24e0398400167b63a2516a32eda98d38d6bd8a8290089a37 [stream]
[debug] [2026-06-09T19:54:00.814Z] >>> [apiv2][query] POST https://upload-firebasehosting.googleapis.com/upload/sites/shareshuffle-c7f96/versions/2429dcadd35a1463/files/f119df17ded70ef2df403976b9c749ef7b152e9310f0caeaa9baa048679208b5 [none]
[debug] [2026-06-09T19:54:00.814Z] >>> [apiv2][body] POST https://upload-firebasehosting.googleapis.com/upload/sites/shareshuffle-c7f96/versions/2429dcadd35a1463/files/f119df17ded70ef2df403976b9c749ef7b152e9310f0caeaa9baa048679208b5 [stream]
[debug] [2026-06-09T19:54:00.814Z] >>> [apiv2][query] POST https://upload-firebasehosting.googleapis.com/upload/sites/shareshuffle-c7f96/versions/2429dcadd35a1463/files/99f893ccc18656cc3c921e2bb271d27c6432d81d1572c77301cbae7175edd2c1 [none]
[debug] [2026-06-09T19:54:00.814Z] >>> [apiv2][body] POST https://upload-firebasehosting.googleapis.com/upload/sites/shareshuffle-c7f96/versions/2429dcadd35a1463/files/99f893ccc18656cc3c921e2bb271d27c6432d81d1572c77301cbae7175edd2c1 [stream]
[debug] [2026-06-09T19:54:00.815Z] >>> [apiv2][query] POST https://upload-firebasehosting.googleapis.com/upload/sites/shareshuffle-c7f96/versions/2429dcadd35a1463/files/a8d258ec081edf62a88bfbae7eb3f8b84397cdf7d0532f25c4f0324134b89182 [none]
[debug] [2026-06-09T19:54:00.815Z] >>> [apiv2][body] POST https://upload-firebasehosting.googleapis.com/upload/sites/shareshuffle-c7f96/versions/2429dcadd35a1463/files/a8d258ec081edf62a88bfbae7eb3f8b84397cdf7d0532f25c4f0324134b89182 [stream]
[debug] [2026-06-09T19:54:00.815Z] >>> [apiv2][query] POST https://upload-firebasehosting.googleapis.com/upload/sites/shareshuffle-c7f96/versions/2429dcadd35a1463/files/e4a5f0a961821091ff6f632df7d78ec718fca1b26a0c88a70983d2f92c8f1499 [none]
[debug] [2026-06-09T19:54:00.815Z] >>> [apiv2][body] POST https://upload-firebasehosting.googleapis.com/upload/sites/shareshuffle-c7f96/versions/2429dcadd35a1463/files/e4a5f0a961821091ff6f632df7d78ec718fca1b26a0c88a70983d2f92c8f1499 [stream]
[debug] [2026-06-09T19:54:00.816Z] >>> [apiv2][query] POST https://upload-firebasehosting.googleapis.com/upload/sites/shareshuffle-c7f96/versions/2429dcadd35a1463/files/116fe8bf6ed8592b35381ea4830853afde8decef40c1486e46d2c2194ba0883f [none]
[debug] [2026-06-09T19:54:00.816Z] >>> [apiv2][body] POST https://upload-firebasehosting.googleapis.com/upload/sites/shareshuffle-c7f96/versions/2429dcadd35a1463/files/116fe8bf6ed8592b35381ea4830853afde8decef40c1486e46d2c2194ba0883f [stream]
[debug] [2026-06-09T19:54:00.816Z] >>> [apiv2][query] POST https://upload-firebasehosting.googleapis.com/upload/sites/shareshuffle-c7f96/versions/2429dcadd35a1463/files/4a633ef71b25613b58515779064d73315eb00fee1879becd28ce3560bd7222c6 [none]
[debug] [2026-06-09T19:54:00.816Z] >>> [apiv2][body] POST https://upload-firebasehosting.googleapis.com/upload/sites/shareshuffle-c7f96/versions/2429dcadd35a1463/files/4a633ef71b25613b58515779064d73315eb00fee1879becd28ce3560bd7222c6 [stream]
[debug] [2026-06-09T19:54:00.817Z] >>> [apiv2][query] POST https://upload-firebasehosting.googleapis.com/upload/sites/shareshuffle-c7f96/versions/2429dcadd35a1463/files/dfb6ef32ea3b6d5f3f483385078817975c74dbba213c6a327dcf7c1a74fbec9b [none]
[debug] [2026-06-09T19:54:00.817Z] >>> [apiv2][body] POST https://upload-firebasehosting.googleapis.com/upload/sites/shareshuffle-c7f96/versions/2429dcadd35a1463/files/dfb6ef32ea3b6d5f3f483385078817975c74dbba213c6a327dcf7c1a74fbec9b [stream]
[debug] [2026-06-09T19:54:00.817Z] >>> [apiv2][query] POST https://upload-firebasehosting.googleapis.com/upload/sites/shareshuffle-c7f96/versions/2429dcadd35a1463/files/32086ec2b891d125e14bf69c14526e2471a6cd7eea215f1dda07ed1757f79e48 [none]
[debug] [2026-06-09T19:54:00.817Z] >>> [apiv2][body] POST https://upload-firebasehosting.googleapis.com/upload/sites/shareshuffle-c7f96/versions/2429dcadd35a1463/files/32086ec2b891d125e14bf69c14526e2471a6cd7eea215f1dda07ed1757f79e48 [stream]
[debug] [2026-06-09T19:54:00.818Z] >>> [apiv2][query] POST https://upload-firebasehosting.googleapis.com/upload/sites/shareshuffle-c7f96/versions/2429dcadd35a1463/files/0a58e3e83dc2493a92adc6f453306a10f0e645b1a850ad2380c350041ad817d6 [none]
[debug] [2026-06-09T19:54:00.818Z] >>> [apiv2][body] POST https://upload-firebasehosting.googleapis.com/upload/sites/shareshuffle-c7f96/versions/2429dcadd35a1463/files/0a58e3e83dc2493a92adc6f453306a10f0e645b1a850ad2380c350041ad817d6 [stream]
[debug] [2026-06-09T19:54:00.818Z] >>> [apiv2][query] POST https://upload-firebasehosting.googleapis.com/upload/sites/shareshuffle-c7f96/versions/2429dcadd35a1463/files/0f8002b822fdaddeac366fcf4edfa007477ebbdf32a1b9c293339d6010dd889f [none]
[debug] [2026-06-09T19:54:00.819Z] >>> [apiv2][body] POST https://upload-firebasehosting.googleapis.com/upload/sites/shareshuffle-c7f96/versions/2429dcadd35a1463/files/0f8002b822fdaddeac366fcf4edfa007477ebbdf32a1b9c293339d6010dd889f [stream]
[debug] [2026-06-09T19:54:00.819Z] >>> [apiv2][query] POST https://upload-firebasehosting.googleapis.com/upload/sites/shareshuffle-c7f96/versions/2429dcadd35a1463/files/bf46323b8e4b30cf23ff89119f0013148d3bfb7140845df5fad79115cec291c6 [none]
[debug] [2026-06-09T19:54:00.819Z] >>> [apiv2][body] POST https://upload-firebasehosting.googleapis.com/upload/sites/shareshuffle-c7f96/versions/2429dcadd35a1463/files/bf46323b8e4b30cf23ff89119f0013148d3bfb7140845df5fad79115cec291c6 [stream]
[debug] [2026-06-09T19:54:00.820Z] >>> [apiv2][query] POST https://upload-firebasehosting.googleapis.com/upload/sites/shareshuffle-c7f96/versions/2429dcadd35a1463/files/2b2ca0e45ed128d9c96b91e491cc48d64bec04b3225fbde5f0a5b7757c479ba0 [none]
[debug] [2026-06-09T19:54:00.820Z] >>> [apiv2][body] POST https://upload-firebasehosting.googleapis.com/upload/sites/shareshuffle-c7f96/versions/2429dcadd35a1463/files/2b2ca0e45ed128d9c96b91e491cc48d64bec04b3225fbde5f0a5b7757c479ba0 [stream]
[debug] [2026-06-09T19:54:00.820Z] >>> [apiv2][query] POST https://upload-firebasehosting.googleapis.com/upload/sites/shareshuffle-c7f96/versions/2429dcadd35a1463/files/69ee6248f6f3a54d18b35c34ce5f54f0b47fd64220c37c8d2ca180d2f692e79b [none]
[debug] [2026-06-09T19:54:00.820Z] >>> [apiv2][body] POST https://upload-firebasehosting.googleapis.com/upload/sites/shareshuffle-c7f96/versions/2429dcadd35a1463/files/69ee6248f6f3a54d18b35c34ce5f54f0b47fd64220c37c8d2ca180d2f692e79b [stream]
[debug] [2026-06-09T19:54:00.821Z] >>> [apiv2][query] POST https://upload-firebasehosting.googleapis.com/upload/sites/shareshuffle-c7f96/versions/2429dcadd35a1463/files/e3a8b09dd6c7b36e770ff2d4fa196fcb55b721fb2afd57067dbd038c5c5393be [none]
[debug] [2026-06-09T19:54:00.821Z] >>> [apiv2][body] POST https://upload-firebasehosting.googleapis.com/upload/sites/shareshuffle-c7f96/versions/2429dcadd35a1463/files/e3a8b09dd6c7b36e770ff2d4fa196fcb55b721fb2afd57067dbd038c5c5393be [stream]
[debug] [2026-06-09T19:54:00.821Z] >>> [apiv2][query] POST https://upload-firebasehosting.googleapis.com/upload/sites/shareshuffle-c7f96/versions/2429dcadd35a1463/files/ebdf97d22ff06f3ca2e9f75386bb590eb241d79a9b4adaf4942735bdd894931e [none]
[debug] [2026-06-09T19:54:00.821Z] >>> [apiv2][body] POST https://upload-firebasehosting.googleapis.com/upload/sites/shareshuffle-c7f96/versions/2429dcadd35a1463/files/ebdf97d22ff06f3ca2e9f75386bb590eb241d79a9b4adaf4942735bdd894931e [stream]
[debug] [2026-06-09T19:54:00.822Z] >>> [apiv2][query] POST https://upload-firebasehosting.googleapis.com/upload/sites/shareshuffle-c7f96/versions/2429dcadd35a1463/files/5f616dbdc6c89638f251eedc62f9535695f62e1bf67cd536dd6385c600ca97ac [none]
[debug] [2026-06-09T19:54:00.822Z] >>> [apiv2][body] POST https://upload-firebasehosting.googleapis.com/upload/sites/shareshuffle-c7f96/versions/2429dcadd35a1463/files/5f616dbdc6c89638f251eedc62f9535695f62e1bf67cd536dd6385c600ca97ac [stream]
[debug] [2026-06-09T19:54:00.822Z] >>> [apiv2][query] POST https://upload-firebasehosting.googleapis.com/upload/sites/shareshuffle-c7f96/versions/2429dcadd35a1463/files/0ff76838fe65be909d1c02148af0d752a1848793a05fd389f9c8a7b3427561d8 [none]
[debug] [2026-06-09T19:54:00.822Z] >>> [apiv2][body] POST https://upload-firebasehosting.googleapis.com/upload/sites/shareshuffle-c7f96/versions/2429dcadd35a1463/files/0ff76838fe65be909d1c02148af0d752a1848793a05fd389f9c8a7b3427561d8 [stream]
[debug] [2026-06-09T19:54:00.823Z] >>> [apiv2][query] POST https://upload-firebasehosting.googleapis.com/upload/sites/shareshuffle-c7f96/versions/2429dcadd35a1463/files/dfe993ae6a0d049b72642afc922764af8b7cb80bcefa1988a3ff7bfb17c34c45 [none]
[debug] [2026-06-09T19:54:00.823Z] >>> [apiv2][body] POST https://upload-firebasehosting.googleapis.com/upload/sites/shareshuffle-c7f96/versions/2429dcadd35a1463/files/dfe993ae6a0d049b72642afc922764af8b7cb80bcefa1988a3ff7bfb17c34c45 [stream]
[debug] [2026-06-09T19:54:00.823Z] >>> [apiv2][query] POST https://upload-firebasehosting.googleapis.com/upload/sites/shareshuffle-c7f96/versions/2429dcadd35a1463/files/33669666b79cefca9bfd0f70b44bf7d2770b7eeb537098dc0fe90cdf50e84e92 [none]
[debug] [2026-06-09T19:54:00.823Z] >>> [apiv2][body] POST https://upload-firebasehosting.googleapis.com/upload/sites/shareshuffle-c7f96/versions/2429dcadd35a1463/files/33669666b79cefca9bfd0f70b44bf7d2770b7eeb537098dc0fe90cdf50e84e92 [stream]
[debug] [2026-06-09T19:54:00.824Z] >>> [apiv2][query] POST https://upload-firebasehosting.googleapis.com/upload/sites/shareshuffle-c7f96/versions/2429dcadd35a1463/files/faf9b26d3520af61be6aa410a3a8df141591a14616d7bd7b49ea3fdaf4a0447b [none]
[debug] [2026-06-09T19:54:00.824Z] >>> [apiv2][body] POST https://upload-firebasehosting.googleapis.com/upload/sites/shareshuffle-c7f96/versions/2429dcadd35a1463/files/faf9b26d3520af61be6aa410a3a8df141591a14616d7bd7b49ea3fdaf4a0447b [stream]
[debug] [2026-06-09T19:54:00.824Z] >>> [apiv2][query] POST https://upload-firebasehosting.googleapis.com/upload/sites/shareshuffle-c7f96/versions/2429dcadd35a1463/files/f46e3824673b5d37aae077972488d634ca93a5675859971500ae631b8322bfd5 [none]
[debug] [2026-06-09T19:54:00.824Z] >>> [apiv2][body] POST https://upload-firebasehosting.googleapis.com/upload/sites/shareshuffle-c7f96/versions/2429dcadd35a1463/files/f46e3824673b5d37aae077972488d634ca93a5675859971500ae631b8322bfd5 [stream]
[debug] [2026-06-09T19:54:00.825Z] >>> [apiv2][query] POST https://upload-firebasehosting.googleapis.com/upload/sites/shareshuffle-c7f96/versions/2429dcadd35a1463/files/d08f12f3bbf7fc47532a0636b18ec6192b53a0c76db234fa0a8cf58cd631d896 [none]
[debug] [2026-06-09T19:54:00.825Z] >>> [apiv2][body] POST https://upload-firebasehosting.googleapis.com/upload/sites/shareshuffle-c7f96/versions/2429dcadd35a1463/files/d08f12f3bbf7fc47532a0636b18ec6192b53a0c76db234fa0a8cf58cd631d896 [stream]
[debug] [2026-06-09T19:54:00.825Z] >>> [apiv2][query] POST https://upload-firebasehosting.googleapis.com/upload/sites/shareshuffle-c7f96/versions/2429dcadd35a1463/files/5e78b99f6e22283f5e3e48966a911bc31e662e34d0896e39281cea95d0357797 [none]
[debug] [2026-06-09T19:54:00.825Z] >>> [apiv2][body] POST https://upload-firebasehosting.googleapis.com/upload/sites/shareshuffle-c7f96/versions/2429dcadd35a1463/files/5e78b99f6e22283f5e3e48966a911bc31e662e34d0896e39281cea95d0357797 [stream]
[debug] [2026-06-09T19:54:00.826Z] >>> [apiv2][query] POST https://upload-firebasehosting.googleapis.com/upload/sites/shareshuffle-c7f96/versions/2429dcadd35a1463/files/1b86dc4ea620ac9a22ecc4197e2f8b6d0f30ee6c24f03b7ef4236ebcadadf04f [none]
[debug] [2026-06-09T19:54:00.826Z] >>> [apiv2][body] POST https://upload-firebasehosting.googleapis.com/upload/sites/shareshuffle-c7f96/versions/2429dcadd35a1463/files/1b86dc4ea620ac9a22ecc4197e2f8b6d0f30ee6c24f03b7ef4236ebcadadf04f [stream]
[debug] [2026-06-09T19:54:00.826Z] >>> [apiv2][query] POST https://upload-firebasehosting.googleapis.com/upload/sites/shareshuffle-c7f96/versions/2429dcadd35a1463/files/e60c7a47d2dde6f765aaca593da6df281a38070725193c0d746a00806958c2c2 [none]
[debug] [2026-06-09T19:54:00.826Z] >>> [apiv2][body] POST https://upload-firebasehosting.googleapis.com/upload/sites/shareshuffle-c7f96/versions/2429dcadd35a1463/files/e60c7a47d2dde6f765aaca593da6df281a38070725193c0d746a00806958c2c2 [stream]
[debug] [2026-06-09T19:54:00.827Z] >>> [apiv2][query] POST https://upload-firebasehosting.googleapis.com/upload/sites/shareshuffle-c7f96/versions/2429dcadd35a1463/files/a8b1c92ead8342bf60b849ad99bed65089c6ccc142e467d62287307902055d72 [none]
[debug] [2026-06-09T19:54:00.827Z] >>> [apiv2][body] POST https://upload-firebasehosting.googleapis.com/upload/sites/shareshuffle-c7f96/versions/2429dcadd35a1463/files/a8b1c92ead8342bf60b849ad99bed65089c6ccc142e467d62287307902055d72 [stream]
[debug] [2026-06-09T19:54:00.828Z] >>> [apiv2][query] POST https://upload-firebasehosting.googleapis.com/upload/sites/shareshuffle-c7f96/versions/2429dcadd35a1463/files/3f52ec38717edcf78ff6bd6381ba2f9507061c98d07f744b159d4285eb2fe599 [none]
[debug] [2026-06-09T19:54:00.828Z] >>> [apiv2][body] POST https://upload-firebasehosting.googleapis.com/upload/sites/shareshuffle-c7f96/versions/2429dcadd35a1463/files/3f52ec38717edcf78ff6bd6381ba2f9507061c98d07f744b159d4285eb2fe599 [stream]
[debug] [2026-06-09T19:54:00.828Z] >>> [apiv2][query] POST https://upload-firebasehosting.googleapis.com/upload/sites/shareshuffle-c7f96/versions/2429dcadd35a1463/files/55bb6ef201910b1c993d09fe8030f369f13782a7ef0a56c1ac50c7a5b0f91ab8 [none]
[debug] [2026-06-09T19:54:00.828Z] >>> [apiv2][body] POST https://upload-firebasehosting.googleapis.com/upload/sites/shareshuffle-c7f96/versions/2429dcadd35a1463/files/55bb6ef201910b1c993d09fe8030f369f13782a7ef0a56c1ac50c7a5b0f91ab8 [stream]
[debug] [2026-06-09T19:54:00.829Z] >>> [apiv2][query] POST https://upload-firebasehosting.googleapis.com/upload/sites/shareshuffle-c7f96/versions/2429dcadd35a1463/files/69bb73fa446dc095401aebeed6e9567f148a70b49dddb7007d7dd0bd2758a570 [none]
[debug] [2026-06-09T19:54:00.829Z] >>> [apiv2][body] POST https://upload-firebasehosting.googleapis.com/upload/sites/shareshuffle-c7f96/versions/2429dcadd35a1463/files/69bb73fa446dc095401aebeed6e9567f148a70b49dddb7007d7dd0bd2758a570 [stream]
[debug] [2026-06-09T19:54:00.829Z] >>> [apiv2][query] POST https://upload-firebasehosting.googleapis.com/upload/sites/shareshuffle-c7f96/versions/2429dcadd35a1463/files/aabb27d6c5222c8ea56115eef5d4f27ed5ab895cb093ec34cd637ff51723a3e7 [none]
[debug] [2026-06-09T19:54:00.829Z] >>> [apiv2][body] POST https://upload-firebasehosting.googleapis.com/upload/sites/shareshuffle-c7f96/versions/2429dcadd35a1463/files/aabb27d6c5222c8ea56115eef5d4f27ed5ab895cb093ec34cd637ff51723a3e7 [stream]
[debug] [2026-06-09T19:54:00.830Z] >>> [apiv2][query] POST https://upload-firebasehosting.googleapis.com/upload/sites/shareshuffle-c7f96/versions/2429dcadd35a1463/files/d6f95c76a55fa3012e3f2b22038ac27e869393cecffedeb85db5cff935ee2048 [none]
[debug] [2026-06-09T19:54:00.830Z] >>> [apiv2][body] POST https://upload-firebasehosting.googleapis.com/upload/sites/shareshuffle-c7f96/versions/2429dcadd35a1463/files/d6f95c76a55fa3012e3f2b22038ac27e869393cecffedeb85db5cff935ee2048 [stream]
[debug] [2026-06-09T19:54:00.830Z] >>> [apiv2][query] POST https://upload-firebasehosting.googleapis.com/upload/sites/shareshuffle-c7f96/versions/2429dcadd35a1463/files/5fc7c899e2a1797a2baee36ce60c377568d9f9fb91db26482ce55eeafa64f32e [none]
[debug] [2026-06-09T19:54:00.831Z] >>> [apiv2][body] POST https://upload-firebasehosting.googleapis.com/upload/sites/shareshuffle-c7f96/versions/2429dcadd35a1463/files/5fc7c899e2a1797a2baee36ce60c377568d9f9fb91db26482ce55eeafa64f32e [stream]
[debug] [2026-06-09T19:54:00.831Z] >>> [apiv2][query] POST https://upload-firebasehosting.googleapis.com/upload/sites/shareshuffle-c7f96/versions/2429dcadd35a1463/files/16f845be2180b7addbeb49a6ced8ffedcdf93149a6c38386c3a7ec9db996e770 [none]
[debug] [2026-06-09T19:54:00.831Z] >>> [apiv2][body] POST https://upload-firebasehosting.googleapis.com/upload/sites/shareshuffle-c7f96/versions/2429dcadd35a1463/files/16f845be2180b7addbeb49a6ced8ffedcdf93149a6c38386c3a7ec9db996e770 [stream]
[debug] [2026-06-09T19:54:00.832Z] >>> [apiv2][query] POST https://upload-firebasehosting.googleapis.com/upload/sites/shareshuffle-c7f96/versions/2429dcadd35a1463/files/670995438efe157d37d744fa5abacd9f15c62c0192bcea6cada56d7c2c28a60c [none]
[debug] [2026-06-09T19:54:00.832Z] >>> [apiv2][body] POST https://upload-firebasehosting.googleapis.com/upload/sites/shareshuffle-c7f96/versions/2429dcadd35a1463/files/670995438efe157d37d744fa5abacd9f15c62c0192bcea6cada56d7c2c28a60c [stream]
[debug] [2026-06-09T19:54:00.832Z] >>> [apiv2][query] POST https://upload-firebasehosting.googleapis.com/upload/sites/shareshuffle-c7f96/versions/2429dcadd35a1463/files/ec93904a673e5d15752b43fcead12e310bf553163a4862e25d73d469e32a6c7e [none]
[debug] [2026-06-09T19:54:00.832Z] >>> [apiv2][body] POST https://upload-firebasehosting.googleapis.com/upload/sites/shareshuffle-c7f96/versions/2429dcadd35a1463/files/ec93904a673e5d15752b43fcead12e310bf553163a4862e25d73d469e32a6c7e [stream]
[debug] [2026-06-09T19:54:00.833Z] >>> [apiv2][query] POST https://upload-firebasehosting.googleapis.com/upload/sites/shareshuffle-c7f96/versions/2429dcadd35a1463/files/04fc7d8a07b054817f842c421ff17d054bdc185a4003de465f5c6232bbe0d930 [none]
[debug] [2026-06-09T19:54:00.833Z] >>> [apiv2][body] POST https://upload-firebasehosting.googleapis.com/upload/sites/shareshuffle-c7f96/versions/2429dcadd35a1463/files/04fc7d8a07b054817f842c421ff17d054bdc185a4003de465f5c6232bbe0d930 [stream]
[debug] [2026-06-09T19:54:00.833Z] >>> [apiv2][query] POST https://upload-firebasehosting.googleapis.com/upload/sites/shareshuffle-c7f96/versions/2429dcadd35a1463/files/3a0d9c1edef66d503d2d6f7e57250150031f33e3a932bb56cea6bf2674ed6f09 [none]
[debug] [2026-06-09T19:54:00.833Z] >>> [apiv2][body] POST https://upload-firebasehosting.googleapis.com/upload/sites/shareshuffle-c7f96/versions/2429dcadd35a1463/files/3a0d9c1edef66d503d2d6f7e57250150031f33e3a932bb56cea6bf2674ed6f09 [stream]
[debug] [2026-06-09T19:54:00.834Z] >>> [apiv2][query] POST https://upload-firebasehosting.googleapis.com/upload/sites/shareshuffle-c7f96/versions/2429dcadd35a1463/files/eb95c912c92091a542f8d7a2b38c516feb9a0175fe9f83e5f9a819c825ab9084 [none]
[debug] [2026-06-09T19:54:00.834Z] >>> [apiv2][body] POST https://upload-firebasehosting.googleapis.com/upload/sites/shareshuffle-c7f96/versions/2429dcadd35a1463/files/eb95c912c92091a542f8d7a2b38c516feb9a0175fe9f83e5f9a819c825ab9084 [stream]
[debug] [2026-06-09T19:54:00.834Z] >>> [apiv2][query] POST https://upload-firebasehosting.googleapis.com/upload/sites/shareshuffle-c7f96/versions/2429dcadd35a1463/files/11189bef00c69ed2b59279991fa094295c9b2876aff79d293c9a6db4db4d280e [none]
[debug] [2026-06-09T19:54:00.835Z] >>> [apiv2][body] POST https://upload-firebasehosting.googleapis.com/upload/sites/shareshuffle-c7f96/versions/2429dcadd35a1463/files/11189bef00c69ed2b59279991fa094295c9b2876aff79d293c9a6db4db4d280e [stream]
[debug] [2026-06-09T19:54:00.835Z] >>> [apiv2][query] POST https://upload-firebasehosting.googleapis.com/upload/sites/shareshuffle-c7f96/versions/2429dcadd35a1463/files/13d2e71bc43faa57189de6fed4981abf05bbca80ed83141cf8515c5ef6f034fe [none]
[debug] [2026-06-09T19:54:00.835Z] >>> [apiv2][body] POST https://upload-firebasehosting.googleapis.com/upload/sites/shareshuffle-c7f96/versions/2429dcadd35a1463/files/13d2e71bc43faa57189de6fed4981abf05bbca80ed83141cf8515c5ef6f034fe [stream]
[debug] [2026-06-09T19:54:00.835Z] >>> [apiv2][query] POST https://upload-firebasehosting.googleapis.com/upload/sites/shareshuffle-c7f96/versions/2429dcadd35a1463/files/e70fe30a61293667a28763c490bc4145a6f1b311a74cd75c3d4b0695559b6910 [none]
[debug] [2026-06-09T19:54:00.836Z] >>> [apiv2][body] POST https://upload-firebasehosting.googleapis.com/upload/sites/shareshuffle-c7f96/versions/2429dcadd35a1463/files/e70fe30a61293667a28763c490bc4145a6f1b311a74cd75c3d4b0695559b6910 [stream]
[debug] [2026-06-09T19:54:00.836Z] >>> [apiv2][query] POST https://upload-firebasehosting.googleapis.com/upload/sites/shareshuffle-c7f96/versions/2429dcadd35a1463/files/0dd7b2e01cd239c2e95163086f45b4074cc2c2f0479a2c7887ba07b7e93646b1 [none]
[debug] [2026-06-09T19:54:00.836Z] >>> [apiv2][body] POST https://upload-firebasehosting.googleapis.com/upload/sites/shareshuffle-c7f96/versions/2429dcadd35a1463/files/0dd7b2e01cd239c2e95163086f45b4074cc2c2f0479a2c7887ba07b7e93646b1 [stream]
[debug] [2026-06-09T19:54:00.836Z] >>> [apiv2][query] POST https://upload-firebasehosting.googleapis.com/upload/sites/shareshuffle-c7f96/versions/2429dcadd35a1463/files/8fe18e868d3a8dfda2d06ff1be04559f5206c8a34db6966e745c10d317129ccd [none]
[debug] [2026-06-09T19:54:00.837Z] >>> [apiv2][body] POST https://upload-firebasehosting.googleapis.com/upload/sites/shareshuffle-c7f96/versions/2429dcadd35a1463/files/8fe18e868d3a8dfda2d06ff1be04559f5206c8a34db6966e745c10d317129ccd [stream]
[debug] [2026-06-09T19:54:00.837Z] >>> [apiv2][query] POST https://upload-firebasehosting.googleapis.com/upload/sites/shareshuffle-c7f96/versions/2429dcadd35a1463/files/651e7c00b9e958d89f87684e5b519e9ae465c1bdb1746abd29c7222214d926db [none]
[debug] [2026-06-09T19:54:00.837Z] >>> [apiv2][body] POST https://upload-firebasehosting.googleapis.com/upload/sites/shareshuffle-c7f96/versions/2429dcadd35a1463/files/651e7c00b9e958d89f87684e5b519e9ae465c1bdb1746abd29c7222214d926db [stream]
[debug] [2026-06-09T19:54:00.837Z] >>> [apiv2][query] POST https://upload-firebasehosting.googleapis.com/upload/sites/shareshuffle-c7f96/versions/2429dcadd35a1463/files/715adf69c5ee548925e317e0f5ac40436c867968162311a74bb7d2ac06ead711 [none]
[debug] [2026-06-09T19:54:00.838Z] >>> [apiv2][body] POST https://upload-firebasehosting.googleapis.com/upload/sites/shareshuffle-c7f96/versions/2429dcadd35a1463/files/715adf69c5ee548925e317e0f5ac40436c867968162311a74bb7d2ac06ead711 [stream]
[debug] [2026-06-09T19:54:00.838Z] >>> [apiv2][query] POST https://upload-firebasehosting.googleapis.com/upload/sites/shareshuffle-c7f96/versions/2429dcadd35a1463/files/8d10f1a8033a6b19b2b02a680eb2e09f135b672e38b52511d293a0e854edc1ec [none]
[debug] [2026-06-09T19:54:00.838Z] >>> [apiv2][body] POST https://upload-firebasehosting.googleapis.com/upload/sites/shareshuffle-c7f96/versions/2429dcadd35a1463/files/8d10f1a8033a6b19b2b02a680eb2e09f135b672e38b52511d293a0e854edc1ec [stream]
[debug] [2026-06-09T19:54:00.839Z] >>> [apiv2][query] POST https://upload-firebasehosting.googleapis.com/upload/sites/shareshuffle-c7f96/versions/2429dcadd35a1463/files/fe357d2d32e2d52fa3c4957a8150fcfdac091f1d7c588a83323c558d71c0f99f [none]
[debug] [2026-06-09T19:54:00.839Z] >>> [apiv2][body] POST https://upload-firebasehosting.googleapis.com/upload/sites/shareshuffle-c7f96/versions/2429dcadd35a1463/files/fe357d2d32e2d52fa3c4957a8150fcfdac091f1d7c588a83323c558d71c0f99f [stream]
[debug] [2026-06-09T19:54:00.839Z] >>> [apiv2][query] POST https://upload-firebasehosting.googleapis.com/upload/sites/shareshuffle-c7f96/versions/2429dcadd35a1463/files/dc524eba7da6829a8ff9e95a55d232f02a18f5d4311489246c3f65ffb7855331 [none]
[debug] [2026-06-09T19:54:00.839Z] >>> [apiv2][body] POST https://upload-firebasehosting.googleapis.com/upload/sites/shareshuffle-c7f96/versions/2429dcadd35a1463/files/dc524eba7da6829a8ff9e95a55d232f02a18f5d4311489246c3f65ffb7855331 [stream]
[debug] [2026-06-09T19:54:00.840Z] >>> [apiv2][query] POST https://upload-firebasehosting.googleapis.com/upload/sites/shareshuffle-c7f96/versions/2429dcadd35a1463/files/caebda5f621d19d728555a2cef88fac37040e2558e43f86ff43f03717de1f906 [none]
[debug] [2026-06-09T19:54:00.840Z] >>> [apiv2][body] POST https://upload-firebasehosting.googleapis.com/upload/sites/shareshuffle-c7f96/versions/2429dcadd35a1463/files/caebda5f621d19d728555a2cef88fac37040e2558e43f86ff43f03717de1f906 [stream]
[debug] [2026-06-09T19:54:00.840Z] >>> [apiv2][query] POST https://upload-firebasehosting.googleapis.com/upload/sites/shareshuffle-c7f96/versions/2429dcadd35a1463/files/ea73fdc6b68e252470f86d095e9f75a59e66b5d37339667c56acb18886246f66 [none]
[debug] [2026-06-09T19:54:00.840Z] >>> [apiv2][body] POST https://upload-firebasehosting.googleapis.com/upload/sites/shareshuffle-c7f96/versions/2429dcadd35a1463/files/ea73fdc6b68e252470f86d095e9f75a59e66b5d37339667c56acb18886246f66 [stream]
[debug] [2026-06-09T19:54:00.841Z] >>> [apiv2][query] POST https://upload-firebasehosting.googleapis.com/upload/sites/shareshuffle-c7f96/versions/2429dcadd35a1463/files/28f840df70cdd871b2ac50c0683fcb0dc82bf969aa167599aa95b010c93b6d35 [none]
[debug] [2026-06-09T19:54:00.841Z] >>> [apiv2][body] POST https://upload-firebasehosting.googleapis.com/upload/sites/shareshuffle-c7f96/versions/2429dcadd35a1463/files/28f840df70cdd871b2ac50c0683fcb0dc82bf969aa167599aa95b010c93b6d35 [stream]
[debug] [2026-06-09T19:54:00.841Z] >>> [apiv2][query] POST https://upload-firebasehosting.googleapis.com/upload/sites/shareshuffle-c7f96/versions/2429dcadd35a1463/files/109e53b223e9befc5ec87b02aa5d6edd155b30f5c5678abf874508c2268077c8 [none]
[debug] [2026-06-09T19:54:00.842Z] >>> [apiv2][body] POST https://upload-firebasehosting.googleapis.com/upload/sites/shareshuffle-c7f96/versions/2429dcadd35a1463/files/109e53b223e9befc5ec87b02aa5d6edd155b30f5c5678abf874508c2268077c8 [stream]
[debug] [2026-06-09T19:54:00.842Z] >>> [apiv2][query] POST https://upload-firebasehosting.googleapis.com/upload/sites/shareshuffle-c7f96/versions/2429dcadd35a1463/files/0f5d56efe56c5dcabb387d965aad58d0f60a3b7485cb9b04bef04b93bebf911e [none]
[debug] [2026-06-09T19:54:00.842Z] >>> [apiv2][body] POST https://upload-firebasehosting.googleapis.com/upload/sites/shareshuffle-c7f96/versions/2429dcadd35a1463/files/0f5d56efe56c5dcabb387d965aad58d0f60a3b7485cb9b04bef04b93bebf911e [stream]
[debug] [2026-06-09T19:54:00.843Z] >>> [apiv2][query] POST https://upload-firebasehosting.googleapis.com/upload/sites/shareshuffle-c7f96/versions/2429dcadd35a1463/files/94e2084b65516b143ca263b566a49a5d41edd7382b675453e16592080407437f [none]
[debug] [2026-06-09T19:54:00.843Z] >>> [apiv2][body] POST https://upload-firebasehosting.googleapis.com/upload/sites/shareshuffle-c7f96/versions/2429dcadd35a1463/files/94e2084b65516b143ca263b566a49a5d41edd7382b675453e16592080407437f [stream]
[debug] [2026-06-09T19:54:00.843Z] >>> [apiv2][query] POST https://upload-firebasehosting.googleapis.com/upload/sites/shareshuffle-c7f96/versions/2429dcadd35a1463/files/b10e235e8e631c62cf8970a23fcb25102f823e835384ecad0c7b1c463a2a6cb0 [none]
[debug] [2026-06-09T19:54:00.843Z] >>> [apiv2][body] POST https://upload-firebasehosting.googleapis.com/upload/sites/shareshuffle-c7f96/versions/2429dcadd35a1463/files/b10e235e8e631c62cf8970a23fcb25102f823e835384ecad0c7b1c463a2a6cb0 [stream]
[debug] [2026-06-09T19:54:00.844Z] >>> [apiv2][query] POST https://upload-firebasehosting.googleapis.com/upload/sites/shareshuffle-c7f96/versions/2429dcadd35a1463/files/c5632ae188cab39f434c98e55af483282c5310a7753812ea5c9d3956cef17a64 [none]
[debug] [2026-06-09T19:54:00.844Z] >>> [apiv2][body] POST https://upload-firebasehosting.googleapis.com/upload/sites/shareshuffle-c7f96/versions/2429dcadd35a1463/files/c5632ae188cab39f434c98e55af483282c5310a7753812ea5c9d3956cef17a64 [stream]
[debug] [2026-06-09T19:54:00.844Z] >>> [apiv2][query] POST https://upload-firebasehosting.googleapis.com/upload/sites/shareshuffle-c7f96/versions/2429dcadd35a1463/files/9b6deb09235626ec611933af045e786db8f0081f71ce0c3f2954f8430d17fb8b [none]
[debug] [2026-06-09T19:54:00.844Z] >>> [apiv2][body] POST https://upload-firebasehosting.googleapis.com/upload/sites/shareshuffle-c7f96/versions/2429dcadd35a1463/files/9b6deb09235626ec611933af045e786db8f0081f71ce0c3f2954f8430d17fb8b [stream]
[debug] [2026-06-09T19:54:00.845Z] >>> [apiv2][query] POST https://upload-firebasehosting.googleapis.com/upload/sites/shareshuffle-c7f96/versions/2429dcadd35a1463/files/2ec717e4e6894e07f158404e7a3e4415e25da38d2f1b1e4ec25481f3fff09aa1 [none]
[debug] [2026-06-09T19:54:00.845Z] >>> [apiv2][body] POST https://upload-firebasehosting.googleapis.com/upload/sites/shareshuffle-c7f96/versions/2429dcadd35a1463/files/2ec717e4e6894e07f158404e7a3e4415e25da38d2f1b1e4ec25481f3fff09aa1 [stream]
[debug] [2026-06-09T19:54:00.845Z] >>> [apiv2][query] POST https://upload-firebasehosting.googleapis.com/upload/sites/shareshuffle-c7f96/versions/2429dcadd35a1463/files/21698bb9cc236ed557dfd28414c4c46a690d7fb639a6f8c3a236a941ae14243e [none]
[debug] [2026-06-09T19:54:00.845Z] >>> [apiv2][body] POST https://upload-firebasehosting.googleapis.com/upload/sites/shareshuffle-c7f96/versions/2429dcadd35a1463/files/21698bb9cc236ed557dfd28414c4c46a690d7fb639a6f8c3a236a941ae14243e [stream]
[debug] [2026-06-09T19:54:00.846Z] >>> [apiv2][query] POST https://upload-firebasehosting.googleapis.com/upload/sites/shareshuffle-c7f96/versions/2429dcadd35a1463/files/e74ae2c7c5a0054498a71388a78f84a0ee657b25cd7ad478bf758a3566bc5e28 [none]
[debug] [2026-06-09T19:54:00.846Z] >>> [apiv2][body] POST https://upload-firebasehosting.googleapis.com/upload/sites/shareshuffle-c7f96/versions/2429dcadd35a1463/files/e74ae2c7c5a0054498a71388a78f84a0ee657b25cd7ad478bf758a3566bc5e28 [stream]
[debug] [2026-06-09T19:54:00.846Z] >>> [apiv2][query] POST https://upload-firebasehosting.googleapis.com/upload/sites/shareshuffle-c7f96/versions/2429dcadd35a1463/files/3089ce50cd716e6197aadc36fb67cae1d70d648308bf43cc80c7e30e4239a8d1 [none]
[debug] [2026-06-09T19:54:00.846Z] >>> [apiv2][body] POST https://upload-firebasehosting.googleapis.com/upload/sites/shareshuffle-c7f96/versions/2429dcadd35a1463/files/3089ce50cd716e6197aadc36fb67cae1d70d648308bf43cc80c7e30e4239a8d1 [stream]
[debug] [2026-06-09T19:54:00.847Z] >>> [apiv2][query] POST https://upload-firebasehosting.googleapis.com/upload/sites/shareshuffle-c7f96/versions/2429dcadd35a1463/files/f40d9dc4cb6e8963cda738a8251646b03d5355f8d424fd051d0fddc887a54e21 [none]
[debug] [2026-06-09T19:54:00.847Z] >>> [apiv2][body] POST https://upload-firebasehosting.googleapis.com/upload/sites/shareshuffle-c7f96/versions/2429dcadd35a1463/files/f40d9dc4cb6e8963cda738a8251646b03d5355f8d424fd051d0fddc887a54e21 [stream]
[debug] [2026-06-09T19:54:00.848Z] >>> [apiv2][query] POST https://upload-firebasehosting.googleapis.com/upload/sites/shareshuffle-c7f96/versions/2429dcadd35a1463/files/7c721ff38f4696c39b5850d13e5c9b0d006439040beb3cdff3f668798a2a4eee [none]
[debug] [2026-06-09T19:54:00.848Z] >>> [apiv2][body] POST https://upload-firebasehosting.googleapis.com/upload/sites/shareshuffle-c7f96/versions/2429dcadd35a1463/files/7c721ff38f4696c39b5850d13e5c9b0d006439040beb3cdff3f668798a2a4eee [stream]
[debug] [2026-06-09T19:54:00.848Z] >>> [apiv2][query] POST https://upload-firebasehosting.googleapis.com/upload/sites/shareshuffle-c7f96/versions/2429dcadd35a1463/files/5dc31cf89fc88b199e39f872d45daeb3f63e5e384be3f3addb955544b98396eb [none]
[debug] [2026-06-09T19:54:00.848Z] >>> [apiv2][body] POST https://upload-firebasehosting.googleapis.com/upload/sites/shareshuffle-c7f96/versions/2429dcadd35a1463/files/5dc31cf89fc88b199e39f872d45daeb3f63e5e384be3f3addb955544b98396eb [stream]
[debug] [2026-06-09T19:54:00.849Z] >>> [apiv2][query] POST https://upload-firebasehosting.googleapis.com/upload/sites/shareshuffle-c7f96/versions/2429dcadd35a1463/files/f3aed940df107fefb461815ccb6fd4cf6406c87cf0d600cf874485b89ea3fcc3 [none]
[debug] [2026-06-09T19:54:00.849Z] >>> [apiv2][body] POST https://upload-firebasehosting.googleapis.com/upload/sites/shareshuffle-c7f96/versions/2429dcadd35a1463/files/f3aed940df107fefb461815ccb6fd4cf6406c87cf0d600cf874485b89ea3fcc3 [stream]
[debug] [2026-06-09T19:54:00.849Z] >>> [apiv2][query] POST https://upload-firebasehosting.googleapis.com/upload/sites/shareshuffle-c7f96/versions/2429dcadd35a1463/files/f2020f08fa34e906bb577a629ea687c29ddb19596cec59257dff05e55c1d6ae2 [none]
[debug] [2026-06-09T19:54:00.849Z] >>> [apiv2][body] POST https://upload-firebasehosting.googleapis.com/upload/sites/shareshuffle-c7f96/versions/2429dcadd35a1463/files/f2020f08fa34e906bb577a629ea687c29ddb19596cec59257dff05e55c1d6ae2 [stream]
[debug] [2026-06-09T19:54:00.850Z] >>> [apiv2][query] POST https://upload-firebasehosting.googleapis.com/upload/sites/shareshuffle-c7f96/versions/2429dcadd35a1463/files/dfa608904691640beddf9340b0393751784b6f1845c3d414f6cf056cbef2e7a8 [none]
[debug] [2026-06-09T19:54:00.850Z] >>> [apiv2][body] POST https://upload-firebasehosting.googleapis.com/upload/sites/shareshuffle-c7f96/versions/2429dcadd35a1463/files/dfa608904691640beddf9340b0393751784b6f1845c3d414f6cf056cbef2e7a8 [stream]
[debug] [2026-06-09T19:54:00.850Z] >>> [apiv2][query] POST https://upload-firebasehosting.googleapis.com/upload/sites/shareshuffle-c7f96/versions/2429dcadd35a1463/files/28dd6e64231b60c1bc9a7dbd51f8ee698e87eca8af6f5c95cc5aa47e1f12ed3e [none]
[debug] [2026-06-09T19:54:00.850Z] >>> [apiv2][body] POST https://upload-firebasehosting.googleapis.com/upload/sites/shareshuffle-c7f96/versions/2429dcadd35a1463/files/28dd6e64231b60c1bc9a7dbd51f8ee698e87eca8af6f5c95cc5aa47e1f12ed3e [stream]
[debug] [2026-06-09T19:54:00.851Z] >>> [apiv2][query] POST https://upload-firebasehosting.googleapis.com/upload/sites/shareshuffle-c7f96/versions/2429dcadd35a1463/files/10ce66f4619094c904ca0d8e3e1b3e5460d54201c651024926f2d8bcc1862824 [none]
[debug] [2026-06-09T19:54:00.851Z] >>> [apiv2][body] POST https://upload-firebasehosting.googleapis.com/upload/sites/shareshuffle-c7f96/versions/2429dcadd35a1463/files/10ce66f4619094c904ca0d8e3e1b3e5460d54201c651024926f2d8bcc1862824 [stream]
[debug] [2026-06-09T19:54:00.851Z] >>> [apiv2][query] POST https://upload-firebasehosting.googleapis.com/upload/sites/shareshuffle-c7f96/versions/2429dcadd35a1463/files/a387a4c17b6672415af70d557f2ab46b9140fdf10af90706399d1ce64457d643 [none]
[debug] [2026-06-09T19:54:00.851Z] >>> [apiv2][body] POST https://upload-firebasehosting.googleapis.com/upload/sites/shareshuffle-c7f96/versions/2429dcadd35a1463/files/a387a4c17b6672415af70d557f2ab46b9140fdf10af90706399d1ce64457d643 [stream]
[debug] [2026-06-09T19:54:00.852Z] >>> [apiv2][query] POST https://upload-firebasehosting.googleapis.com/upload/sites/shareshuffle-c7f96/versions/2429dcadd35a1463/files/3590d1154db74629e8c875395ac8069e2712537584b7e995cf8dce303fddaa9c [none]
[debug] [2026-06-09T19:54:00.852Z] >>> [apiv2][body] POST https://upload-firebasehosting.googleapis.com/upload/sites/shareshuffle-c7f96/versions/2429dcadd35a1463/files/3590d1154db74629e8c875395ac8069e2712537584b7e995cf8dce303fddaa9c [stream]
[debug] [2026-06-09T19:54:00.852Z] >>> [apiv2][query] POST https://upload-firebasehosting.googleapis.com/upload/sites/shareshuffle-c7f96/versions/2429dcadd35a1463/files/7653d99e8282f7253a4079eb1b6ac9ba636d52a1f5e72820c78985a2810442c8 [none]
[debug] [2026-06-09T19:54:00.852Z] >>> [apiv2][body] POST https://upload-firebasehosting.googleapis.com/upload/sites/shareshuffle-c7f96/versions/2429dcadd35a1463/files/7653d99e8282f7253a4079eb1b6ac9ba636d52a1f5e72820c78985a2810442c8 [stream]
[debug] [2026-06-09T19:54:00.853Z] >>> [apiv2][query] POST https://upload-firebasehosting.googleapis.com/upload/sites/shareshuffle-c7f96/versions/2429dcadd35a1463/files/3e1de1e61ce91913a27b5043effafe35abf4fbc4457025aad766ca7fa0467940 [none]
[debug] [2026-06-09T19:54:00.854Z] >>> [apiv2][body] POST https://upload-firebasehosting.googleapis.com/upload/sites/shareshuffle-c7f96/versions/2429dcadd35a1463/files/3e1de1e61ce91913a27b5043effafe35abf4fbc4457025aad766ca7fa0467940 [stream]
[debug] [2026-06-09T19:54:00.854Z] >>> [apiv2][query] POST https://upload-firebasehosting.googleapis.com/upload/sites/shareshuffle-c7f96/versions/2429dcadd35a1463/files/fb5324d4f4f5ce620227f1a4751b8ba3601d6fc0b568ad3fd9f80112a0214e43 [none]
[debug] [2026-06-09T19:54:00.854Z] >>> [apiv2][body] POST https://upload-firebasehosting.googleapis.com/upload/sites/shareshuffle-c7f96/versions/2429dcadd35a1463/files/fb5324d4f4f5ce620227f1a4751b8ba3601d6fc0b568ad3fd9f80112a0214e43 [stream]
[debug] [2026-06-09T19:54:00.855Z] >>> [apiv2][query] POST https://upload-firebasehosting.googleapis.com/upload/sites/shareshuffle-c7f96/versions/2429dcadd35a1463/files/12e8593d7bfe1eaef6cde26263ddbd6c36186502964393d00d4397d726310739 [none]
[debug] [2026-06-09T19:54:00.855Z] >>> [apiv2][body] POST https://upload-firebasehosting.googleapis.com/upload/sites/shareshuffle-c7f96/versions/2429dcadd35a1463/files/12e8593d7bfe1eaef6cde26263ddbd6c36186502964393d00d4397d726310739 [stream]
[debug] [2026-06-09T19:54:00.856Z] >>> [apiv2][query] POST https://upload-firebasehosting.googleapis.com/upload/sites/shareshuffle-c7f96/versions/2429dcadd35a1463/files/bf21e58d08f9465f43718b4b7c98742f19db1eb85c10a03c0ef12b9cfe132606 [none]
[debug] [2026-06-09T19:54:00.856Z] >>> [apiv2][body] POST https://upload-firebasehosting.googleapis.com/upload/sites/shareshuffle-c7f96/versions/2429dcadd35a1463/files/bf21e58d08f9465f43718b4b7c98742f19db1eb85c10a03c0ef12b9cfe132606 [stream]
[debug] [2026-06-09T19:54:00.856Z] >>> [apiv2][query] POST https://upload-firebasehosting.googleapis.com/upload/sites/shareshuffle-c7f96/versions/2429dcadd35a1463/files/f100e07fddd45fed18d57ca85e5ce0c1f05a2d30a29c0432c9011a5cf8b25308 [none]
[debug] [2026-06-09T19:54:00.856Z] >>> [apiv2][body] POST https://upload-firebasehosting.googleapis.com/upload/sites/shareshuffle-c7f96/versions/2429dcadd35a1463/files/f100e07fddd45fed18d57ca85e5ce0c1f05a2d30a29c0432c9011a5cf8b25308 [stream]
[debug] [2026-06-09T19:54:00.857Z] >>> [apiv2][query] POST https://upload-firebasehosting.googleapis.com/upload/sites/shareshuffle-c7f96/versions/2429dcadd35a1463/files/85f5a650465c06ca58143c56803add4775968e92118024238b69dc61b2817127 [none]
[debug] [2026-06-09T19:54:00.857Z] >>> [apiv2][body] POST https://upload-firebasehosting.googleapis.com/upload/sites/shareshuffle-c7f96/versions/2429dcadd35a1463/files/85f5a650465c06ca58143c56803add4775968e92118024238b69dc61b2817127 [stream]
[debug] [2026-06-09T19:54:00.857Z] >>> [apiv2][query] POST https://upload-firebasehosting.googleapis.com/upload/sites/shareshuffle-c7f96/versions/2429dcadd35a1463/files/3a726de00bea4252a6d569c610a0c527015e5478c49b4b280341a85399f3daa5 [none]
[debug] [2026-06-09T19:54:00.857Z] >>> [apiv2][body] POST https://upload-firebasehosting.googleapis.com/upload/sites/shareshuffle-c7f96/versions/2429dcadd35a1463/files/3a726de00bea4252a6d569c610a0c527015e5478c49b4b280341a85399f3daa5 [stream]
[debug] [2026-06-09T19:54:00.858Z] >>> [apiv2][query] POST https://upload-firebasehosting.googleapis.com/upload/sites/shareshuffle-c7f96/versions/2429dcadd35a1463/files/e26086d9209f3e3d3bc25e6627dddddce9035a310bca6e6769fbaa243452e5bd [none]
[debug] [2026-06-09T19:54:00.858Z] >>> [apiv2][body] POST https://upload-firebasehosting.googleapis.com/upload/sites/shareshuffle-c7f96/versions/2429dcadd35a1463/files/e26086d9209f3e3d3bc25e6627dddddce9035a310bca6e6769fbaa243452e5bd [stream]
[debug] [2026-06-09T19:54:00.858Z] >>> [apiv2][query] POST https://upload-firebasehosting.googleapis.com/upload/sites/shareshuffle-c7f96/versions/2429dcadd35a1463/files/09ce2cb53a9a284bff0b2d1f67549d605587c2b2c6f7de834d5efbe4e5198122 [none]
[debug] [2026-06-09T19:54:00.858Z] >>> [apiv2][body] POST https://upload-firebasehosting.googleapis.com/upload/sites/shareshuffle-c7f96/versions/2429dcadd35a1463/files/09ce2cb53a9a284bff0b2d1f67549d605587c2b2c6f7de834d5efbe4e5198122 [stream]
[debug] [2026-06-09T19:54:00.859Z] >>> [apiv2][query] POST https://upload-firebasehosting.googleapis.com/upload/sites/shareshuffle-c7f96/versions/2429dcadd35a1463/files/18139e580e0d850947a86b0ac7a8ecb0fad65cd3bf2b4b0dcb2a1176be4b6c43 [none]
[debug] [2026-06-09T19:54:00.859Z] >>> [apiv2][body] POST https://upload-firebasehosting.googleapis.com/upload/sites/shareshuffle-c7f96/versions/2429dcadd35a1463/files/18139e580e0d850947a86b0ac7a8ecb0fad65cd3bf2b4b0dcb2a1176be4b6c43 [stream]
[debug] [2026-06-09T19:54:00.859Z] >>> [apiv2][query] POST https://upload-firebasehosting.googleapis.com/upload/sites/shareshuffle-c7f96/versions/2429dcadd35a1463/files/46e094a6d80576ec05debfe5847a0ceebfdc86f2065d6a4587eddc0fea7463e2 [none]
[debug] [2026-06-09T19:54:00.859Z] >>> [apiv2][body] POST https://upload-firebasehosting.googleapis.com/upload/sites/shareshuffle-c7f96/versions/2429dcadd35a1463/files/46e094a6d80576ec05debfe5847a0ceebfdc86f2065d6a4587eddc0fea7463e2 [stream]
[debug] [2026-06-09T19:54:00.860Z] >>> [apiv2][query] POST https://upload-firebasehosting.googleapis.com/upload/sites/shareshuffle-c7f96/versions/2429dcadd35a1463/files/2def0795beeb020edd073e7671660dabdb8b58867ac5b03cfd358c5d3438e591 [none]
[debug] [2026-06-09T19:54:00.860Z] >>> [apiv2][body] POST https://upload-firebasehosting.googleapis.com/upload/sites/shareshuffle-c7f96/versions/2429dcadd35a1463/files/2def0795beeb020edd073e7671660dabdb8b58867ac5b03cfd358c5d3438e591 [stream]
[debug] [2026-06-09T19:54:00.860Z] >>> [apiv2][query] POST https://upload-firebasehosting.googleapis.com/upload/sites/shareshuffle-c7f96/versions/2429dcadd35a1463/files/011101ebc8befc894445687d8e73d1e6ef8350349b1db0c9d2e7e99d8cc786ec [none]
[debug] [2026-06-09T19:54:00.860Z] >>> [apiv2][body] POST https://upload-firebasehosting.googleapis.com/upload/sites/shareshuffle-c7f96/versions/2429dcadd35a1463/files/011101ebc8befc894445687d8e73d1e6ef8350349b1db0c9d2e7e99d8cc786ec [stream]
[debug] [2026-06-09T19:54:00.861Z] >>> [apiv2][query] POST https://upload-firebasehosting.googleapis.com/upload/sites/shareshuffle-c7f96/versions/2429dcadd35a1463/files/5b337262d8c7ecb64b404e8338a77fa1575204d7d44f9cda7083082e175e6e84 [none]
[debug] [2026-06-09T19:54:00.861Z] >>> [apiv2][body] POST https://upload-firebasehosting.googleapis.com/upload/sites/shareshuffle-c7f96/versions/2429dcadd35a1463/files/5b337262d8c7ecb64b404e8338a77fa1575204d7d44f9cda7083082e175e6e84 [stream]
[debug] [2026-06-09T19:54:00.861Z] >>> [apiv2][query] POST https://upload-firebasehosting.googleapis.com/upload/sites/shareshuffle-c7f96/versions/2429dcadd35a1463/files/4c5753439e7c2ccfa7d89d65b374bd96c054c3c36c938dbfd8a69b93a13665ef [none]
[debug] [2026-06-09T19:54:00.861Z] >>> [apiv2][body] POST https://upload-firebasehosting.googleapis.com/upload/sites/shareshuffle-c7f96/versions/2429dcadd35a1463/files/4c5753439e7c2ccfa7d89d65b374bd96c054c3c36c938dbfd8a69b93a13665ef [stream]
[debug] [2026-06-09T19:54:00.862Z] >>> [apiv2][query] POST https://upload-firebasehosting.googleapis.com/upload/sites/shareshuffle-c7f96/versions/2429dcadd35a1463/files/353c5c523923555d7b1c756ec43000c9013141d1f867656163ff7589f73f33af [none]
[debug] [2026-06-09T19:54:00.862Z] >>> [apiv2][body] POST https://upload-firebasehosting.googleapis.com/upload/sites/shareshuffle-c7f96/versions/2429dcadd35a1463/files/353c5c523923555d7b1c756ec43000c9013141d1f867656163ff7589f73f33af [stream]
[debug] [2026-06-09T19:54:00.863Z] >>> [apiv2][query] POST https://upload-firebasehosting.googleapis.com/upload/sites/shareshuffle-c7f96/versions/2429dcadd35a1463/files/4adfea9cddde227b86a0013e02fe45dac9e7674866eb1ef7ec330f17f43ff070 [none]
[debug] [2026-06-09T19:54:00.863Z] >>> [apiv2][body] POST https://upload-firebasehosting.googleapis.com/upload/sites/shareshuffle-c7f96/versions/2429dcadd35a1463/files/4adfea9cddde227b86a0013e02fe45dac9e7674866eb1ef7ec330f17f43ff070 [stream]
[debug] [2026-06-09T19:54:00.863Z] >>> [apiv2][query] POST https://upload-firebasehosting.googleapis.com/upload/sites/shareshuffle-c7f96/versions/2429dcadd35a1463/files/fb4380cb2085ebc34ba27f614c7245a603418843439a6c55c3ff045f2f23be79 [none]
[debug] [2026-06-09T19:54:00.863Z] >>> [apiv2][body] POST https://upload-firebasehosting.googleapis.com/upload/sites/shareshuffle-c7f96/versions/2429dcadd35a1463/files/fb4380cb2085ebc34ba27f614c7245a603418843439a6c55c3ff045f2f23be79 [stream]
[debug] [2026-06-09T19:54:00.864Z] >>> [apiv2][query] POST https://upload-firebasehosting.googleapis.com/upload/sites/shareshuffle-c7f96/versions/2429dcadd35a1463/files/200f0b1f9e53dc0fbca729941e9d1ce15744a06a64dddcb5be1583e0cc0928fb [none]
[debug] [2026-06-09T19:54:00.864Z] >>> [apiv2][body] POST https://upload-firebasehosting.googleapis.com/upload/sites/shareshuffle-c7f96/versions/2429dcadd35a1463/files/200f0b1f9e53dc0fbca729941e9d1ce15744a06a64dddcb5be1583e0cc0928fb [stream]
[debug] [2026-06-09T19:54:00.864Z] >>> [apiv2][query] POST https://upload-firebasehosting.googleapis.com/upload/sites/shareshuffle-c7f96/versions/2429dcadd35a1463/files/6c9ebbd548ad08b9ed495cc257130807b06cf7d2d587c303a4464f59c5d7c4f3 [none]
[debug] [2026-06-09T19:54:00.864Z] >>> [apiv2][body] POST https://upload-firebasehosting.googleapis.com/upload/sites/shareshuffle-c7f96/versions/2429dcadd35a1463/files/6c9ebbd548ad08b9ed495cc257130807b06cf7d2d587c303a4464f59c5d7c4f3 [stream]
[debug] [2026-06-09T19:54:00.865Z] >>> [apiv2][query] POST https://upload-firebasehosting.googleapis.com/upload/sites/shareshuffle-c7f96/versions/2429dcadd35a1463/files/27efefdeb128dd297f3a322f97d23ade433908323bd47d383b4e6fa4c19bf85c [none]
[debug] [2026-06-09T19:54:00.865Z] >>> [apiv2][body] POST https://upload-firebasehosting.googleapis.com/upload/sites/shareshuffle-c7f96/versions/2429dcadd35a1463/files/27efefdeb128dd297f3a322f97d23ade433908323bd47d383b4e6fa4c19bf85c [stream]
[debug] [2026-06-09T19:54:00.865Z] >>> [apiv2][query] POST https://upload-firebasehosting.googleapis.com/upload/sites/shareshuffle-c7f96/versions/2429dcadd35a1463/files/26c9895244efb0ffdbfc6eb1128d85d02a9fa159454e1708dbb16672b02a099b [none]
[debug] [2026-06-09T19:54:00.865Z] >>> [apiv2][body] POST https://upload-firebasehosting.googleapis.com/upload/sites/shareshuffle-c7f96/versions/2429dcadd35a1463/files/26c9895244efb0ffdbfc6eb1128d85d02a9fa159454e1708dbb16672b02a099b [stream]
[debug] [2026-06-09T19:54:00.866Z] >>> [apiv2][query] POST https://upload-firebasehosting.googleapis.com/upload/sites/shareshuffle-c7f96/versions/2429dcadd35a1463/files/834be2d0d6cd18f13528e86b4c96fee98f671bc462e737c5dd144edcae5ab670 [none]
[debug] [2026-06-09T19:54:00.866Z] >>> [apiv2][body] POST https://upload-firebasehosting.googleapis.com/upload/sites/shareshuffle-c7f96/versions/2429dcadd35a1463/files/834be2d0d6cd18f13528e86b4c96fee98f671bc462e737c5dd144edcae5ab670 [stream]
[debug] [2026-06-09T19:54:00.867Z] >>> [apiv2][query] POST https://upload-firebasehosting.googleapis.com/upload/sites/shareshuffle-c7f96/versions/2429dcadd35a1463/files/9d07e269bff8a129b0c2ea4710397ed9e20e93cfa96c068d8a090edc900f20d3 [none]
[debug] [2026-06-09T19:54:00.867Z] >>> [apiv2][body] POST https://upload-firebasehosting.googleapis.com/upload/sites/shareshuffle-c7f96/versions/2429dcadd35a1463/files/9d07e269bff8a129b0c2ea4710397ed9e20e93cfa96c068d8a090edc900f20d3 [stream]
[debug] [2026-06-09T19:54:00.867Z] >>> [apiv2][query] POST https://upload-firebasehosting.googleapis.com/upload/sites/shareshuffle-c7f96/versions/2429dcadd35a1463/files/ac7325837b2e9aceef416e3681a970649e07323b3bedf66577b14e7da30115ba [none]
[debug] [2026-06-09T19:54:00.867Z] >>> [apiv2][body] POST https://upload-firebasehosting.googleapis.com/upload/sites/shareshuffle-c7f96/versions/2429dcadd35a1463/files/ac7325837b2e9aceef416e3681a970649e07323b3bedf66577b14e7da30115ba [stream]
[debug] [2026-06-09T19:54:00.868Z] >>> [apiv2][query] POST https://upload-firebasehosting.googleapis.com/upload/sites/shareshuffle-c7f96/versions/2429dcadd35a1463/files/e342aa89283650e140f9eba058e3abb101c33cc1aea925b433d72d6af24d5adc [none]
[debug] [2026-06-09T19:54:00.868Z] >>> [apiv2][body] POST https://upload-firebasehosting.googleapis.com/upload/sites/shareshuffle-c7f96/versions/2429dcadd35a1463/files/e342aa89283650e140f9eba058e3abb101c33cc1aea925b433d72d6af24d5adc [stream]
[debug] [2026-06-09T19:54:00.868Z] >>> [apiv2][query] POST https://upload-firebasehosting.googleapis.com/upload/sites/shareshuffle-c7f96/versions/2429dcadd35a1463/files/101a476576a451b41030470c0e41f0098ba7512d02eed817eac9fd8952fedad6 [none]
[debug] [2026-06-09T19:54:00.868Z] >>> [apiv2][body] POST https://upload-firebasehosting.googleapis.com/upload/sites/shareshuffle-c7f96/versions/2429dcadd35a1463/files/101a476576a451b41030470c0e41f0098ba7512d02eed817eac9fd8952fedad6 [stream]
[debug] [2026-06-09T19:54:00.869Z] >>> [apiv2][query] POST https://upload-firebasehosting.googleapis.com/upload/sites/shareshuffle-c7f96/versions/2429dcadd35a1463/files/fe0c6541d90acffebb40cd6cd6d33705e8ea7e400dc87d45546525b715f63912 [none]
[debug] [2026-06-09T19:54:00.869Z] >>> [apiv2][body] POST https://upload-firebasehosting.googleapis.com/upload/sites/shareshuffle-c7f96/versions/2429dcadd35a1463/files/fe0c6541d90acffebb40cd6cd6d33705e8ea7e400dc87d45546525b715f63912 [stream]
[debug] [2026-06-09T19:54:00.869Z] >>> [apiv2][query] POST https://upload-firebasehosting.googleapis.com/upload/sites/shareshuffle-c7f96/versions/2429dcadd35a1463/files/dbd31568f6d72b7e474c43241f0814bbfe31d2aa5d3c7ab9f720ed75e651b089 [none]
[debug] [2026-06-09T19:54:00.869Z] >>> [apiv2][body] POST https://upload-firebasehosting.googleapis.com/upload/sites/shareshuffle-c7f96/versions/2429dcadd35a1463/files/dbd31568f6d72b7e474c43241f0814bbfe31d2aa5d3c7ab9f720ed75e651b089 [stream]
[debug] [2026-06-09T19:54:00.870Z] >>> [apiv2][query] POST https://upload-firebasehosting.googleapis.com/upload/sites/shareshuffle-c7f96/versions/2429dcadd35a1463/files/a7755a36b47891bccdca5cfcbeb34d5d5a070ffcc40c8e0c71f4849a244b1ccd [none]
[debug] [2026-06-09T19:54:00.870Z] >>> [apiv2][body] POST https://upload-firebasehosting.googleapis.com/upload/sites/shareshuffle-c7f96/versions/2429dcadd35a1463/files/a7755a36b47891bccdca5cfcbeb34d5d5a070ffcc40c8e0c71f4849a244b1ccd [stream]
[debug] [2026-06-09T19:54:00.870Z] >>> [apiv2][query] POST https://upload-firebasehosting.googleapis.com/upload/sites/shareshuffle-c7f96/versions/2429dcadd35a1463/files/2631ec106ad14d1b54b0760a415040b77a2a66d95517cd2f26c5ed2d992b984a [none]
[debug] [2026-06-09T19:54:00.870Z] >>> [apiv2][body] POST https://upload-firebasehosting.googleapis.com/upload/sites/shareshuffle-c7f96/versions/2429dcadd35a1463/files/2631ec106ad14d1b54b0760a415040b77a2a66d95517cd2f26c5ed2d992b984a [stream]
[debug] [2026-06-09T19:54:00.870Z] >>> [apiv2][query] POST https://upload-firebasehosting.googleapis.com/upload/sites/shareshuffle-c7f96/versions/2429dcadd35a1463/files/cfd889f20f894f14a8cb22e241c69f1493b1f7422eef5d527fce6974d3eb068d [none]
[debug] [2026-06-09T19:54:00.870Z] >>> [apiv2][body] POST https://upload-firebasehosting.googleapis.com/upload/sites/shareshuffle-c7f96/versions/2429dcadd35a1463/files/cfd889f20f894f14a8cb22e241c69f1493b1f7422eef5d527fce6974d3eb068d [stream]
[debug] [2026-06-09T19:54:00.871Z] >>> [apiv2][query] POST https://upload-firebasehosting.googleapis.com/upload/sites/shareshuffle-c7f96/versions/2429dcadd35a1463/files/be4cc5a8f913de046e3ca089c7609736b93c90c9a798fc78430f94cb686995f8 [none]
[debug] [2026-06-09T19:54:00.871Z] >>> [apiv2][body] POST https://upload-firebasehosting.googleapis.com/upload/sites/shareshuffle-c7f96/versions/2429dcadd35a1463/files/be4cc5a8f913de046e3ca089c7609736b93c90c9a798fc78430f94cb686995f8 [stream]
[debug] [2026-06-09T19:54:00.871Z] >>> [apiv2][query] POST https://upload-firebasehosting.googleapis.com/upload/sites/shareshuffle-c7f96/versions/2429dcadd35a1463/files/4f04cd63e7b3c8a9ebe2c2824ea85f99b4994f42d2640ffaa0d799bd3241bb44 [none]
[debug] [2026-06-09T19:54:00.871Z] >>> [apiv2][body] POST https://upload-firebasehosting.googleapis.com/upload/sites/shareshuffle-c7f96/versions/2429dcadd35a1463/files/4f04cd63e7b3c8a9ebe2c2824ea85f99b4994f42d2640ffaa0d799bd3241bb44 [stream]
[debug] [2026-06-09T19:54:00.872Z] >>> [apiv2][query] POST https://upload-firebasehosting.googleapis.com/upload/sites/shareshuffle-c7f96/versions/2429dcadd35a1463/files/3696cde9e17c469b2b056668cabcbabb63f608186d4249c75fcbdc4265c3a64f [none]
[debug] [2026-06-09T19:54:00.872Z] >>> [apiv2][body] POST https://upload-firebasehosting.googleapis.com/upload/sites/shareshuffle-c7f96/versions/2429dcadd35a1463/files/3696cde9e17c469b2b056668cabcbabb63f608186d4249c75fcbdc4265c3a64f [stream]
[debug] [2026-06-09T19:54:00.872Z] >>> [apiv2][query] POST https://upload-firebasehosting.googleapis.com/upload/sites/shareshuffle-c7f96/versions/2429dcadd35a1463/files/1b9e29b575211d45c809dd30a1512e486610b35e32b6127a42a0e323ff7ef6d1 [none]
[debug] [2026-06-09T19:54:00.872Z] >>> [apiv2][body] POST https://upload-firebasehosting.googleapis.com/upload/sites/shareshuffle-c7f96/versions/2429dcadd35a1463/files/1b9e29b575211d45c809dd30a1512e486610b35e32b6127a42a0e323ff7ef6d1 [stream]
[debug] [2026-06-09T19:54:00.873Z] >>> [apiv2][query] POST https://upload-firebasehosting.googleapis.com/upload/sites/shareshuffle-c7f96/versions/2429dcadd35a1463/files/420494b11725776016e17d217a35cf14270c206fc4bb4589cc4a7ef32519eeb4 [none]
[debug] [2026-06-09T19:54:00.873Z] >>> [apiv2][body] POST https://upload-firebasehosting.googleapis.com/upload/sites/shareshuffle-c7f96/versions/2429dcadd35a1463/files/420494b11725776016e17d217a35cf14270c206fc4bb4589cc4a7ef32519eeb4 [stream]
[debug] [2026-06-09T19:54:00.873Z] >>> [apiv2][query] POST https://upload-firebasehosting.googleapis.com/upload/sites/shareshuffle-c7f96/versions/2429dcadd35a1463/files/c81b955942a8d9e3b598c524c06f72636abb38668a11193134a51c31b7b3e624 [none]
[debug] [2026-06-09T19:54:00.873Z] >>> [apiv2][body] POST https://upload-firebasehosting.googleapis.com/upload/sites/shareshuffle-c7f96/versions/2429dcadd35a1463/files/c81b955942a8d9e3b598c524c06f72636abb38668a11193134a51c31b7b3e624 [stream]
[debug] [2026-06-09T19:54:00.874Z] >>> [apiv2][query] POST https://upload-firebasehosting.googleapis.com/upload/sites/shareshuffle-c7f96/versions/2429dcadd35a1463/files/54c7c3b5d87003465888ea4deca3ada0d586d6c8d5f708cc25a3337e6056c320 [none]
[debug] [2026-06-09T19:54:00.874Z] >>> [apiv2][body] POST https://upload-firebasehosting.googleapis.com/upload/sites/shareshuffle-c7f96/versions/2429dcadd35a1463/files/54c7c3b5d87003465888ea4deca3ada0d586d6c8d5f708cc25a3337e6056c320 [stream]
[debug] [2026-06-09T19:54:00.875Z] >>> [apiv2][query] POST https://upload-firebasehosting.googleapis.com/upload/sites/shareshuffle-c7f96/versions/2429dcadd35a1463/files/a96562627601a3b0361d786fca7267fcff81b43a9a974dda00bb40d940353f71 [none]
[debug] [2026-06-09T19:54:00.875Z] >>> [apiv2][body] POST https://upload-firebasehosting.googleapis.com/upload/sites/shareshuffle-c7f96/versions/2429dcadd35a1463/files/a96562627601a3b0361d786fca7267fcff81b43a9a974dda00bb40d940353f71 [stream]
[debug] [2026-06-09T19:54:00.875Z] >>> [apiv2][query] POST https://upload-firebasehosting.googleapis.com/upload/sites/shareshuffle-c7f96/versions/2429dcadd35a1463/files/5aab4ae04aec8b7e2a841dab3abd8cd16a97000a244904a20a3741fc117a0258 [none]
[debug] [2026-06-09T19:54:00.875Z] >>> [apiv2][body] POST https://upload-firebasehosting.googleapis.com/upload/sites/shareshuffle-c7f96/versions/2429dcadd35a1463/files/5aab4ae04aec8b7e2a841dab3abd8cd16a97000a244904a20a3741fc117a0258 [stream]
[debug] [2026-06-09T19:54:00.876Z] >>> [apiv2][query] POST https://upload-firebasehosting.googleapis.com/upload/sites/shareshuffle-c7f96/versions/2429dcadd35a1463/files/107074a97a6811f4ddba464d9aa6e2b10386dfd1c81b08d8701c0b442011ed95 [none]
[debug] [2026-06-09T19:54:00.876Z] >>> [apiv2][body] POST https://upload-firebasehosting.googleapis.com/upload/sites/shareshuffle-c7f96/versions/2429dcadd35a1463/files/107074a97a6811f4ddba464d9aa6e2b10386dfd1c81b08d8701c0b442011ed95 [stream]
[debug] [2026-06-09T19:54:00.876Z] >>> [apiv2][query] POST https://upload-firebasehosting.googleapis.com/upload/sites/shareshuffle-c7f96/versions/2429dcadd35a1463/files/6387f59d95ff8369ee4883f8fe042e9189fedff8ccc306c68b8bebacc3c50f5d [none]
[debug] [2026-06-09T19:54:00.876Z] >>> [apiv2][body] POST https://upload-firebasehosting.googleapis.com/upload/sites/shareshuffle-c7f96/versions/2429dcadd35a1463/files/6387f59d95ff8369ee4883f8fe042e9189fedff8ccc306c68b8bebacc3c50f5d [stream]
[debug] [2026-06-09T19:54:00.877Z] >>> [apiv2][query] POST https://upload-firebasehosting.googleapis.com/upload/sites/shareshuffle-c7f96/versions/2429dcadd35a1463/files/0609e8659613a3135a20c942cb42c5f3a35f69de07ae43d82ef2c1a980cc08c1 [none]
[debug] [2026-06-09T19:54:00.877Z] >>> [apiv2][body] POST https://upload-firebasehosting.googleapis.com/upload/sites/shareshuffle-c7f96/versions/2429dcadd35a1463/files/0609e8659613a3135a20c942cb42c5f3a35f69de07ae43d82ef2c1a980cc08c1 [stream]
[debug] [2026-06-09T19:54:00.877Z] >>> [apiv2][query] POST https://upload-firebasehosting.googleapis.com/upload/sites/shareshuffle-c7f96/versions/2429dcadd35a1463/files/3be2c8a78039f8adbf55ce824126a835f19234a9171d605e5dc3e75103fc96ee [none]
[debug] [2026-06-09T19:54:00.877Z] >>> [apiv2][body] POST https://upload-firebasehosting.googleapis.com/upload/sites/shareshuffle-c7f96/versions/2429dcadd35a1463/files/3be2c8a78039f8adbf55ce824126a835f19234a9171d605e5dc3e75103fc96ee [stream]
[debug] [2026-06-09T19:54:00.878Z] >>> [apiv2][query] POST https://upload-firebasehosting.googleapis.com/upload/sites/shareshuffle-c7f96/versions/2429dcadd35a1463/files/b1ff235bd9b5f10d54e0886a714863d925ec848761f240b5a2b67922ddf7ceec [none]
[debug] [2026-06-09T19:54:00.878Z] >>> [apiv2][body] POST https://upload-firebasehosting.googleapis.com/upload/sites/shareshuffle-c7f96/versions/2429dcadd35a1463/files/b1ff235bd9b5f10d54e0886a714863d925ec848761f240b5a2b67922ddf7ceec [stream]
[debug] [2026-06-09T19:54:00.878Z] >>> [apiv2][query] POST https://upload-firebasehosting.googleapis.com/upload/sites/shareshuffle-c7f96/versions/2429dcadd35a1463/files/991694224ad14161513d58f3d10371353f3a95e52c06e5b909ae0be738cc066a [none]
[debug] [2026-06-09T19:54:00.878Z] >>> [apiv2][body] POST https://upload-firebasehosting.googleapis.com/upload/sites/shareshuffle-c7f96/versions/2429dcadd35a1463/files/991694224ad14161513d58f3d10371353f3a95e52c06e5b909ae0be738cc066a [stream]
[debug] [2026-06-09T19:54:00.879Z] >>> [apiv2][query] POST https://upload-firebasehosting.googleapis.com/upload/sites/shareshuffle-c7f96/versions/2429dcadd35a1463/files/2d5b63bccaa04c06503693498e71666a4bfd72341a5f3b26aaf6c5397390f784 [none]
[debug] [2026-06-09T19:54:00.879Z] >>> [apiv2][body] POST https://upload-firebasehosting.googleapis.com/upload/sites/shareshuffle-c7f96/versions/2429dcadd35a1463/files/2d5b63bccaa04c06503693498e71666a4bfd72341a5f3b26aaf6c5397390f784 [stream]
[debug] [2026-06-09T19:54:00.880Z] >>> [apiv2][query] POST https://upload-firebasehosting.googleapis.com/upload/sites/shareshuffle-c7f96/versions/2429dcadd35a1463/files/40b33984303ace551ee90b6a0c2039b2e17af770a0e143d0654cf9b1d90314ea [none]
[debug] [2026-06-09T19:54:00.880Z] >>> [apiv2][body] POST https://upload-firebasehosting.googleapis.com/upload/sites/shareshuffle-c7f96/versions/2429dcadd35a1463/files/40b33984303ace551ee90b6a0c2039b2e17af770a0e143d0654cf9b1d90314ea [stream]
[debug] [2026-06-09T19:54:00.881Z] >>> [apiv2][query] POST https://upload-firebasehosting.googleapis.com/upload/sites/shareshuffle-c7f96/versions/2429dcadd35a1463/files/46d6c8002aa269a99a103ae15f1f0ada8c5a6092c529f1e03be7ae044029a311 [none]
[debug] [2026-06-09T19:54:00.881Z] >>> [apiv2][body] POST https://upload-firebasehosting.googleapis.com/upload/sites/shareshuffle-c7f96/versions/2429dcadd35a1463/files/46d6c8002aa269a99a103ae15f1f0ada8c5a6092c529f1e03be7ae044029a311 [stream]
[debug] [2026-06-09T19:54:00.881Z] >>> [apiv2][query] POST https://upload-firebasehosting.googleapis.com/upload/sites/shareshuffle-c7f96/versions/2429dcadd35a1463/files/9478e3e212f8001fb56d045b9a800e40744a546a62dd068b5e8925c4211e33d8 [none]
[debug] [2026-06-09T19:54:00.882Z] >>> [apiv2][body] POST https://upload-firebasehosting.googleapis.com/upload/sites/shareshuffle-c7f96/versions/2429dcadd35a1463/files/9478e3e212f8001fb56d045b9a800e40744a546a62dd068b5e8925c4211e33d8 [stream]
[debug] [2026-06-09T19:54:00.882Z] >>> [apiv2][query] POST https://upload-firebasehosting.googleapis.com/upload/sites/shareshuffle-c7f96/versions/2429dcadd35a1463/files/f3725103e51603b2b253b52f5bd315725a9f614e341af492d2724f74d8429603 [none]
[debug] [2026-06-09T19:54:00.882Z] >>> [apiv2][body] POST https://upload-firebasehosting.googleapis.com/upload/sites/shareshuffle-c7f96/versions/2429dcadd35a1463/files/f3725103e51603b2b253b52f5bd315725a9f614e341af492d2724f74d8429603 [stream]
[debug] [2026-06-09T19:54:00.883Z] >>> [apiv2][query] POST https://upload-firebasehosting.googleapis.com/upload/sites/shareshuffle-c7f96/versions/2429dcadd35a1463/files/553543b3472f0d5661b8da5e37f54a56cc2a6e5387aea198956fe945573a605f [none]
[debug] [2026-06-09T19:54:00.883Z] >>> [apiv2][body] POST https://upload-firebasehosting.googleapis.com/upload/sites/shareshuffle-c7f96/versions/2429dcadd35a1463/files/553543b3472f0d5661b8da5e37f54a56cc2a6e5387aea198956fe945573a605f [stream]
[debug] [2026-06-09T19:54:00.883Z] >>> [apiv2][query] POST https://upload-firebasehosting.googleapis.com/upload/sites/shareshuffle-c7f96/versions/2429dcadd35a1463/files/60c8f7b51dc7bf7385ec0e38a2bc6a183200115ba14f32435f681b6e95bf59da [none]
[debug] [2026-06-09T19:54:00.883Z] >>> [apiv2][body] POST https://upload-firebasehosting.googleapis.com/upload/sites/shareshuffle-c7f96/versions/2429dcadd35a1463/files/60c8f7b51dc7bf7385ec0e38a2bc6a183200115ba14f32435f681b6e95bf59da [stream]
[debug] [2026-06-09T19:54:00.884Z] >>> [apiv2][query] POST https://upload-firebasehosting.googleapis.com/upload/sites/shareshuffle-c7f96/versions/2429dcadd35a1463/files/8123d82af9d83550a8d2459d40a35b4dd8cbac568e85d71be27b0e28918b08c5 [none]
[debug] [2026-06-09T19:54:00.884Z] >>> [apiv2][body] POST https://upload-firebasehosting.googleapis.com/upload/sites/shareshuffle-c7f96/versions/2429dcadd35a1463/files/8123d82af9d83550a8d2459d40a35b4dd8cbac568e85d71be27b0e28918b08c5 [stream]
[debug] [2026-06-09T19:54:00.884Z] >>> [apiv2][query] POST https://upload-firebasehosting.googleapis.com/upload/sites/shareshuffle-c7f96/versions/2429dcadd35a1463/files/af306ce3b9bcd355b562da9ba45b94312959f196f0399e9c7f99405824758974 [none]
[debug] [2026-06-09T19:54:00.884Z] >>> [apiv2][body] POST https://upload-firebasehosting.googleapis.com/upload/sites/shareshuffle-c7f96/versions/2429dcadd35a1463/files/af306ce3b9bcd355b562da9ba45b94312959f196f0399e9c7f99405824758974 [stream]
[debug] [2026-06-09T19:54:00.885Z] [hosting][populate queue][FINAL] {"max":859,"min":859,"avg":859,"active":0,"complete":1,"success":1,"errored":0,"retried":0,"total":1,"elapsed":962}
[debug] [2026-06-09T19:54:00.885Z] [hosting] uploads queued: 173
[debug] [2026-06-09T19:54:01.598Z] <<< [apiv2][status] POST https://upload-firebasehosting.googleapis.com/upload/sites/shareshuffle-c7f96/versions/2429dcadd35a1463/files/a39dc51e21d1523cdef2091e7c7ab30a33ad42a7cd5da1f45139746e5c24b667 200
[debug] [2026-06-09T19:54:01.598Z] <<< [apiv2][body] POST https://upload-firebasehosting.googleapis.com/upload/sites/shareshuffle-c7f96/versions/2429dcadd35a1463/files/a39dc51e21d1523cdef2091e7c7ab30a33ad42a7cd5da1f45139746e5c24b667 [stream]
[debug] [2026-06-09T19:54:01.599Z] <<< [apiv2][status] POST https://upload-firebasehosting.googleapis.com/upload/sites/shareshuffle-c7f96/versions/2429dcadd35a1463/files/2b2ca0e45ed128d9c96b91e491cc48d64bec04b3225fbde5f0a5b7757c479ba0 200
[debug] [2026-06-09T19:54:01.599Z] <<< [apiv2][body] POST https://upload-firebasehosting.googleapis.com/upload/sites/shareshuffle-c7f96/versions/2429dcadd35a1463/files/2b2ca0e45ed128d9c96b91e491cc48d64bec04b3225fbde5f0a5b7757c479ba0 [stream]
[debug] [2026-06-09T19:54:01.599Z] <<< [apiv2][status] POST https://upload-firebasehosting.googleapis.com/upload/sites/shareshuffle-c7f96/versions/2429dcadd35a1463/files/630f342d1191f0360553b2bfcae2d1801002847b63b3834404fceb59ec47de98 200
[debug] [2026-06-09T19:54:01.599Z] <<< [apiv2][body] POST https://upload-firebasehosting.googleapis.com/upload/sites/shareshuffle-c7f96/versions/2429dcadd35a1463/files/630f342d1191f0360553b2bfcae2d1801002847b63b3834404fceb59ec47de98 [stream]
[debug] [2026-06-09T19:54:01.599Z] <<< [apiv2][status] POST https://upload-firebasehosting.googleapis.com/upload/sites/shareshuffle-c7f96/versions/2429dcadd35a1463/files/d866ed1553ee626f24e0398400167b63a2516a32eda98d38d6bd8a8290089a37 200
[debug] [2026-06-09T19:54:01.599Z] <<< [apiv2][body] POST https://upload-firebasehosting.googleapis.com/upload/sites/shareshuffle-c7f96/versions/2429dcadd35a1463/files/d866ed1553ee626f24e0398400167b63a2516a32eda98d38d6bd8a8290089a37 [stream]
[debug] [2026-06-09T19:54:01.600Z] <<< [apiv2][status] POST https://upload-firebasehosting.googleapis.com/upload/sites/shareshuffle-c7f96/versions/2429dcadd35a1463/files/64929c4a3c1c8936ed4637734c357d1bbb31ff28c4b40ad35b5201eb7357c90b 200
[debug] [2026-06-09T19:54:01.600Z] <<< [apiv2][body] POST https://upload-firebasehosting.googleapis.com/upload/sites/shareshuffle-c7f96/versions/2429dcadd35a1463/files/64929c4a3c1c8936ed4637734c357d1bbb31ff28c4b40ad35b5201eb7357c90b [stream]
[debug] [2026-06-09T19:54:01.600Z] <<< [apiv2][status] POST https://upload-firebasehosting.googleapis.com/upload/sites/shareshuffle-c7f96/versions/2429dcadd35a1463/files/233eb4792ce783ee1bbb334b9e21c04a5b1e2c9c4adce2cb06045134de8eb2c5 200
[debug] [2026-06-09T19:54:01.600Z] <<< [apiv2][body] POST https://upload-firebasehosting.googleapis.com/upload/sites/shareshuffle-c7f96/versions/2429dcadd35a1463/files/233eb4792ce783ee1bbb334b9e21c04a5b1e2c9c4adce2cb06045134de8eb2c5 [stream]
[debug] [2026-06-09T19:54:01.607Z] <<< [apiv2][status] POST https://upload-firebasehosting.googleapis.com/upload/sites/shareshuffle-c7f96/versions/2429dcadd35a1463/files/fa793ee3220be0e74bfd22ca89d4f5aa5333910623e068fe142c45bc5ab5d428 200
[debug] [2026-06-09T19:54:01.607Z] <<< [apiv2][body] POST https://upload-firebasehosting.googleapis.com/upload/sites/shareshuffle-c7f96/versions/2429dcadd35a1463/files/fa793ee3220be0e74bfd22ca89d4f5aa5333910623e068fe142c45bc5ab5d428 [stream]
[debug] [2026-06-09T19:54:01.612Z] <<< [apiv2][status] POST https://upload-firebasehosting.googleapis.com/upload/sites/shareshuffle-c7f96/versions/2429dcadd35a1463/files/6d6ba298a4ade37772ea29e4d203d154fda7cc1f2260eed19dbf21d53a4908ec 200
[debug] [2026-06-09T19:54:01.612Z] <<< [apiv2][body] POST https://upload-firebasehosting.googleapis.com/upload/sites/shareshuffle-c7f96/versions/2429dcadd35a1463/files/6d6ba298a4ade37772ea29e4d203d154fda7cc1f2260eed19dbf21d53a4908ec [stream]
[debug] [2026-06-09T19:54:01.615Z] <<< [apiv2][status] POST https://upload-firebasehosting.googleapis.com/upload/sites/shareshuffle-c7f96/versions/2429dcadd35a1463/files/6584811038820a9f283d92a263b2a59f53df2548e7a9c4dddee49b063b31c8fd 200
[debug] [2026-06-09T19:54:01.615Z] <<< [apiv2][body] POST https://upload-firebasehosting.googleapis.com/upload/sites/shareshuffle-c7f96/versions/2429dcadd35a1463/files/6584811038820a9f283d92a263b2a59f53df2548e7a9c4dddee49b063b31c8fd [stream]
[debug] [2026-06-09T19:54:01.619Z] <<< [apiv2][status] POST https://upload-firebasehosting.googleapis.com/upload/sites/shareshuffle-c7f96/versions/2429dcadd35a1463/files/e3a8b09dd6c7b36e770ff2d4fa196fcb55b721fb2afd57067dbd038c5c5393be 200
[debug] [2026-06-09T19:54:01.619Z] <<< [apiv2][body] POST https://upload-firebasehosting.googleapis.com/upload/sites/shareshuffle-c7f96/versions/2429dcadd35a1463/files/e3a8b09dd6c7b36e770ff2d4fa196fcb55b721fb2afd57067dbd038c5c5393be [stream]
[debug] [2026-06-09T19:54:01.620Z] <<< [apiv2][status] POST https://upload-firebasehosting.googleapis.com/upload/sites/shareshuffle-c7f96/versions/2429dcadd35a1463/files/68d8ea9a1698426a928b98a6c00118ba9b205fe5ce814c7e74394f3fe3eea891 200
[debug] [2026-06-09T19:54:01.620Z] <<< [apiv2][body] POST https://upload-firebasehosting.googleapis.com/upload/sites/shareshuffle-c7f96/versions/2429dcadd35a1463/files/68d8ea9a1698426a928b98a6c00118ba9b205fe5ce814c7e74394f3fe3eea891 [stream]
[debug] [2026-06-09T19:54:01.622Z] <<< [apiv2][status] POST https://upload-firebasehosting.googleapis.com/upload/sites/shareshuffle-c7f96/versions/2429dcadd35a1463/files/f1b651238a58fe290baec6c5e32f3bdb1943dd2bd582f02569231f7a757c7837 200
[debug] [2026-06-09T19:54:01.622Z] <<< [apiv2][body] POST https://upload-firebasehosting.googleapis.com/upload/sites/shareshuffle-c7f96/versions/2429dcadd35a1463/files/f1b651238a58fe290baec6c5e32f3bdb1943dd2bd582f02569231f7a757c7837 [stream]
[debug] [2026-06-09T19:54:01.630Z] <<< [apiv2][status] POST https://upload-firebasehosting.googleapis.com/upload/sites/shareshuffle-c7f96/versions/2429dcadd35a1463/files/116fe8bf6ed8592b35381ea4830853afde8decef40c1486e46d2c2194ba0883f 200
[debug] [2026-06-09T19:54:01.630Z] <<< [apiv2][body] POST https://upload-firebasehosting.googleapis.com/upload/sites/shareshuffle-c7f96/versions/2429dcadd35a1463/files/116fe8bf6ed8592b35381ea4830853afde8decef40c1486e46d2c2194ba0883f [stream]
[debug] [2026-06-09T19:54:01.631Z] <<< [apiv2][status] POST https://upload-firebasehosting.googleapis.com/upload/sites/shareshuffle-c7f96/versions/2429dcadd35a1463/files/f46e3824673b5d37aae077972488d634ca93a5675859971500ae631b8322bfd5 200
[debug] [2026-06-09T19:54:01.631Z] <<< [apiv2][body] POST https://upload-firebasehosting.googleapis.com/upload/sites/shareshuffle-c7f96/versions/2429dcadd35a1463/files/f46e3824673b5d37aae077972488d634ca93a5675859971500ae631b8322bfd5 [stream]
[debug] [2026-06-09T19:54:01.638Z] <<< [apiv2][status] POST https://upload-firebasehosting.googleapis.com/upload/sites/shareshuffle-c7f96/versions/2429dcadd35a1463/files/4a633ef71b25613b58515779064d73315eb00fee1879becd28ce3560bd7222c6 200
[debug] [2026-06-09T19:54:01.638Z] <<< [apiv2][body] POST https://upload-firebasehosting.googleapis.com/upload/sites/shareshuffle-c7f96/versions/2429dcadd35a1463/files/4a633ef71b25613b58515779064d73315eb00fee1879becd28ce3560bd7222c6 [stream]
[debug] [2026-06-09T19:54:01.639Z] <<< [apiv2][status] POST https://upload-firebasehosting.googleapis.com/upload/sites/shareshuffle-c7f96/versions/2429dcadd35a1463/files/6b14bdfc516837250fa1cf9b81c9b7effeb70534b99f1b40c949a633715ee3fd 200
[debug] [2026-06-09T19:54:01.639Z] <<< [apiv2][body] POST https://upload-firebasehosting.googleapis.com/upload/sites/shareshuffle-c7f96/versions/2429dcadd35a1463/files/6b14bdfc516837250fa1cf9b81c9b7effeb70534b99f1b40c949a633715ee3fd [stream]
[debug] [2026-06-09T19:54:01.646Z] <<< [apiv2][status] POST https://upload-firebasehosting.googleapis.com/upload/sites/shareshuffle-c7f96/versions/2429dcadd35a1463/files/82f5587205a55493f26e63fa3e8c4c02d455b77ed9430a46bb3696890e1e9c06 200
[debug] [2026-06-09T19:54:01.646Z] <<< [apiv2][body] POST https://upload-firebasehosting.googleapis.com/upload/sites/shareshuffle-c7f96/versions/2429dcadd35a1463/files/82f5587205a55493f26e63fa3e8c4c02d455b77ed9430a46bb3696890e1e9c06 [stream]
[debug] [2026-06-09T19:54:01.647Z] <<< [apiv2][status] POST https://upload-firebasehosting.googleapis.com/upload/sites/shareshuffle-c7f96/versions/2429dcadd35a1463/files/d80717aec73322e5b189c52f5d2f13033fd07d1702a21c5395583d89cf7c8c2d 200
[debug] [2026-06-09T19:54:01.647Z] <<< [apiv2][body] POST https://upload-firebasehosting.googleapis.com/upload/sites/shareshuffle-c7f96/versions/2429dcadd35a1463/files/d80717aec73322e5b189c52f5d2f13033fd07d1702a21c5395583d89cf7c8c2d [stream]
[debug] [2026-06-09T19:54:01.657Z] <<< [apiv2][status] POST https://upload-firebasehosting.googleapis.com/upload/sites/shareshuffle-c7f96/versions/2429dcadd35a1463/files/5f616dbdc6c89638f251eedc62f9535695f62e1bf67cd536dd6385c600ca97ac 200
[debug] [2026-06-09T19:54:01.657Z] <<< [apiv2][body] POST https://upload-firebasehosting.googleapis.com/upload/sites/shareshuffle-c7f96/versions/2429dcadd35a1463/files/5f616dbdc6c89638f251eedc62f9535695f62e1bf67cd536dd6385c600ca97ac [stream]
[debug] [2026-06-09T19:54:01.658Z] <<< [apiv2][status] POST https://upload-firebasehosting.googleapis.com/upload/sites/shareshuffle-c7f96/versions/2429dcadd35a1463/files/cf02fe20fbd6b49eee8dbd4361f187957602ce2afa1544c57d72735579ef35c8 200
[debug] [2026-06-09T19:54:01.658Z] <<< [apiv2][body] POST https://upload-firebasehosting.googleapis.com/upload/sites/shareshuffle-c7f96/versions/2429dcadd35a1463/files/cf02fe20fbd6b49eee8dbd4361f187957602ce2afa1544c57d72735579ef35c8 [stream]
[debug] [2026-06-09T19:54:01.660Z] <<< [apiv2][status] POST https://upload-firebasehosting.googleapis.com/upload/sites/shareshuffle-c7f96/versions/2429dcadd35a1463/files/29aab94444f02212842ee8da278752aabdd1ded3a22b71ae3b18a374501cb2d6 200
[debug] [2026-06-09T19:54:01.660Z] <<< [apiv2][body] POST https://upload-firebasehosting.googleapis.com/upload/sites/shareshuffle-c7f96/versions/2429dcadd35a1463/files/29aab94444f02212842ee8da278752aabdd1ded3a22b71ae3b18a374501cb2d6 [stream]
[debug] [2026-06-09T19:54:01.666Z] <<< [apiv2][status] POST https://upload-firebasehosting.googleapis.com/upload/sites/shareshuffle-c7f96/versions/2429dcadd35a1463/files/c17e6f68fa92fc05ea5cfa7cd0ed84965b575173beb5b0b9da095db04dc5f47a 200
[debug] [2026-06-09T19:54:01.667Z] <<< [apiv2][body] POST https://upload-firebasehosting.googleapis.com/upload/sites/shareshuffle-c7f96/versions/2429dcadd35a1463/files/c17e6f68fa92fc05ea5cfa7cd0ed84965b575173beb5b0b9da095db04dc5f47a [stream]
[debug] [2026-06-09T19:54:01.669Z] <<< [apiv2][status] POST https://upload-firebasehosting.googleapis.com/upload/sites/shareshuffle-c7f96/versions/2429dcadd35a1463/files/eb95c912c92091a542f8d7a2b38c516feb9a0175fe9f83e5f9a819c825ab9084 200
[debug] [2026-06-09T19:54:01.670Z] <<< [apiv2][body] POST https://upload-firebasehosting.googleapis.com/upload/sites/shareshuffle-c7f96/versions/2429dcadd35a1463/files/eb95c912c92091a542f8d7a2b38c516feb9a0175fe9f83e5f9a819c825ab9084 [stream]
[debug] [2026-06-09T19:54:01.673Z] <<< [apiv2][status] POST https://upload-firebasehosting.googleapis.com/upload/sites/shareshuffle-c7f96/versions/2429dcadd35a1463/files/df20ed1d0c95c0ffd84b6d554be6fdabbec22b308d23302bbaba5cad119b59e2 200
[debug] [2026-06-09T19:54:01.673Z] <<< [apiv2][body] POST https://upload-firebasehosting.googleapis.com/upload/sites/shareshuffle-c7f96/versions/2429dcadd35a1463/files/df20ed1d0c95c0ffd84b6d554be6fdabbec22b308d23302bbaba5cad119b59e2 [stream]
[debug] [2026-06-09T19:54:01.674Z] <<< [apiv2][status] POST https://upload-firebasehosting.googleapis.com/upload/sites/shareshuffle-c7f96/versions/2429dcadd35a1463/files/69bb73fa446dc095401aebeed6e9567f148a70b49dddb7007d7dd0bd2758a570 200
[debug] [2026-06-09T19:54:01.674Z] <<< [apiv2][body] POST https://upload-firebasehosting.googleapis.com/upload/sites/shareshuffle-c7f96/versions/2429dcadd35a1463/files/69bb73fa446dc095401aebeed6e9567f148a70b49dddb7007d7dd0bd2758a570 [stream]
[debug] [2026-06-09T19:54:01.680Z] <<< [apiv2][status] POST https://upload-firebasehosting.googleapis.com/upload/sites/shareshuffle-c7f96/versions/2429dcadd35a1463/files/0ff76838fe65be909d1c02148af0d752a1848793a05fd389f9c8a7b3427561d8 200
[debug] [2026-06-09T19:54:01.680Z] <<< [apiv2][body] POST https://upload-firebasehosting.googleapis.com/upload/sites/shareshuffle-c7f96/versions/2429dcadd35a1463/files/0ff76838fe65be909d1c02148af0d752a1848793a05fd389f9c8a7b3427561d8 [stream]
[debug] [2026-06-09T19:54:01.684Z] <<< [apiv2][status] POST https://upload-firebasehosting.googleapis.com/upload/sites/shareshuffle-c7f96/versions/2429dcadd35a1463/files/bbcf5bf20c1f551bd2550fd2516e26f23238968f192571b93e80aa15b94af5ae 200
[debug] [2026-06-09T19:54:01.684Z] <<< [apiv2][body] POST https://upload-firebasehosting.googleapis.com/upload/sites/shareshuffle-c7f96/versions/2429dcadd35a1463/files/bbcf5bf20c1f551bd2550fd2516e26f23238968f192571b93e80aa15b94af5ae [stream]
[debug] [2026-06-09T19:54:01.693Z] <<< [apiv2][status] POST https://upload-firebasehosting.googleapis.com/upload/sites/shareshuffle-c7f96/versions/2429dcadd35a1463/files/5f6f8fef87fee7b0996b2a31670ebc462b0d4bddf48c1f7b31414645f82963fb 200
[debug] [2026-06-09T19:54:01.693Z] <<< [apiv2][body] POST https://upload-firebasehosting.googleapis.com/upload/sites/shareshuffle-c7f96/versions/2429dcadd35a1463/files/5f6f8fef87fee7b0996b2a31670ebc462b0d4bddf48c1f7b31414645f82963fb [stream]
[debug] [2026-06-09T19:54:01.695Z] <<< [apiv2][status] POST https://upload-firebasehosting.googleapis.com/upload/sites/shareshuffle-c7f96/versions/2429dcadd35a1463/files/0a58e3e83dc2493a92adc6f453306a10f0e645b1a850ad2380c350041ad817d6 200
[debug] [2026-06-09T19:54:01.695Z] <<< [apiv2][body] POST https://upload-firebasehosting.googleapis.com/upload/sites/shareshuffle-c7f96/versions/2429dcadd35a1463/files/0a58e3e83dc2493a92adc6f453306a10f0e645b1a850ad2380c350041ad817d6 [stream]
[debug] [2026-06-09T19:54:01.716Z] <<< [apiv2][status] POST https://upload-firebasehosting.googleapis.com/upload/sites/shareshuffle-c7f96/versions/2429dcadd35a1463/files/36fe1ee019f37f619c0c6460649785269a69bbf1d14cb13de7e0370b87635eda 200
[debug] [2026-06-09T19:54:01.717Z] <<< [apiv2][body] POST https://upload-firebasehosting.googleapis.com/upload/sites/shareshuffle-c7f96/versions/2429dcadd35a1463/files/36fe1ee019f37f619c0c6460649785269a69bbf1d14cb13de7e0370b87635eda [stream]
[debug] [2026-06-09T19:54:01.724Z] <<< [apiv2][status] POST https://upload-firebasehosting.googleapis.com/upload/sites/shareshuffle-c7f96/versions/2429dcadd35a1463/files/d6f95c76a55fa3012e3f2b22038ac27e869393cecffedeb85db5cff935ee2048 200
[debug] [2026-06-09T19:54:01.724Z] <<< [apiv2][body] POST https://upload-firebasehosting.googleapis.com/upload/sites/shareshuffle-c7f96/versions/2429dcadd35a1463/files/d6f95c76a55fa3012e3f2b22038ac27e869393cecffedeb85db5cff935ee2048 [stream]
[debug] [2026-06-09T19:54:01.727Z] <<< [apiv2][status] POST https://upload-firebasehosting.googleapis.com/upload/sites/shareshuffle-c7f96/versions/2429dcadd35a1463/files/8eb3a8b601d40be2d9f7193e2fca5e2ff778df7f5aed137d67a194fb1bc005ac 200
[debug] [2026-06-09T19:54:01.727Z] <<< [apiv2][body] POST https://upload-firebasehosting.googleapis.com/upload/sites/shareshuffle-c7f96/versions/2429dcadd35a1463/files/8eb3a8b601d40be2d9f7193e2fca5e2ff778df7f5aed137d67a194fb1bc005ac [stream]
[debug] [2026-06-09T19:54:01.735Z] <<< [apiv2][status] POST https://upload-firebasehosting.googleapis.com/upload/sites/shareshuffle-c7f96/versions/2429dcadd35a1463/files/083b8d19504d20899e5435d752eb9a6181c667b2d5f5ab4a7c76f8f1d51ced58 200
[debug] [2026-06-09T19:54:01.735Z] <<< [apiv2][body] POST https://upload-firebasehosting.googleapis.com/upload/sites/shareshuffle-c7f96/versions/2429dcadd35a1463/files/083b8d19504d20899e5435d752eb9a6181c667b2d5f5ab4a7c76f8f1d51ced58 [stream]
[debug] [2026-06-09T19:54:01.738Z] <<< [apiv2][status] POST https://upload-firebasehosting.googleapis.com/upload/sites/shareshuffle-c7f96/versions/2429dcadd35a1463/files/32086ec2b891d125e14bf69c14526e2471a6cd7eea215f1dda07ed1757f79e48 200
[debug] [2026-06-09T19:54:01.738Z] <<< [apiv2][body] POST https://upload-firebasehosting.googleapis.com/upload/sites/shareshuffle-c7f96/versions/2429dcadd35a1463/files/32086ec2b891d125e14bf69c14526e2471a6cd7eea215f1dda07ed1757f79e48 [stream]
[debug] [2026-06-09T19:54:01.738Z] <<< [apiv2][status] POST https://upload-firebasehosting.googleapis.com/upload/sites/shareshuffle-c7f96/versions/2429dcadd35a1463/files/69ee6248f6f3a54d18b35c34ce5f54f0b47fd64220c37c8d2ca180d2f692e79b 200
[debug] [2026-06-09T19:54:01.738Z] <<< [apiv2][body] POST https://upload-firebasehosting.googleapis.com/upload/sites/shareshuffle-c7f96/versions/2429dcadd35a1463/files/69ee6248f6f3a54d18b35c34ce5f54f0b47fd64220c37c8d2ca180d2f692e79b [stream]
[debug] [2026-06-09T19:54:01.739Z] <<< [apiv2][status] POST https://upload-firebasehosting.googleapis.com/upload/sites/shareshuffle-c7f96/versions/2429dcadd35a1463/files/a29fffddf1865f78600767e8c1a260bd1c895fa01db8f2b4957a8d76e57ae7d2 200
[debug] [2026-06-09T19:54:01.739Z] <<< [apiv2][body] POST https://upload-firebasehosting.googleapis.com/upload/sites/shareshuffle-c7f96/versions/2429dcadd35a1463/files/a29fffddf1865f78600767e8c1a260bd1c895fa01db8f2b4957a8d76e57ae7d2 [stream]
[debug] [2026-06-09T19:54:01.739Z] <<< [apiv2][status] POST https://upload-firebasehosting.googleapis.com/upload/sites/shareshuffle-c7f96/versions/2429dcadd35a1463/files/e2bce05047b96471c8fa03ce0b7a1ae648b13eac4719d8f1532ada638e86df82 200
[debug] [2026-06-09T19:54:01.739Z] <<< [apiv2][body] POST https://upload-firebasehosting.googleapis.com/upload/sites/shareshuffle-c7f96/versions/2429dcadd35a1463/files/e2bce05047b96471c8fa03ce0b7a1ae648b13eac4719d8f1532ada638e86df82 [stream]
[debug] [2026-06-09T19:54:01.748Z] <<< [apiv2][status] POST https://upload-firebasehosting.googleapis.com/upload/sites/shareshuffle-c7f96/versions/2429dcadd35a1463/files/2aca2ed045060fb2b77289a2c41daf40935afb6afcacc3b40695d79e5ab555db 200
[debug] [2026-06-09T19:54:01.748Z] <<< [apiv2][body] POST https://upload-firebasehosting.googleapis.com/upload/sites/shareshuffle-c7f96/versions/2429dcadd35a1463/files/2aca2ed045060fb2b77289a2c41daf40935afb6afcacc3b40695d79e5ab555db [stream]
[debug] [2026-06-09T19:54:01.749Z] <<< [apiv2][status] POST https://upload-firebasehosting.googleapis.com/upload/sites/shareshuffle-c7f96/versions/2429dcadd35a1463/files/22707a1bf1ff0582cdc904443738e37baaafb058a1e61ff782af8b72ea64b073 200
[debug] [2026-06-09T19:54:01.749Z] <<< [apiv2][body] POST https://upload-firebasehosting.googleapis.com/upload/sites/shareshuffle-c7f96/versions/2429dcadd35a1463/files/22707a1bf1ff0582cdc904443738e37baaafb058a1e61ff782af8b72ea64b073 [stream]
[debug] [2026-06-09T19:54:01.755Z] <<< [apiv2][status] POST https://upload-firebasehosting.googleapis.com/upload/sites/shareshuffle-c7f96/versions/2429dcadd35a1463/files/33669666b79cefca9bfd0f70b44bf7d2770b7eeb537098dc0fe90cdf50e84e92 200
[debug] [2026-06-09T19:54:01.755Z] <<< [apiv2][body] POST https://upload-firebasehosting.googleapis.com/upload/sites/shareshuffle-c7f96/versions/2429dcadd35a1463/files/33669666b79cefca9bfd0f70b44bf7d2770b7eeb537098dc0fe90cdf50e84e92 [stream]
[debug] [2026-06-09T19:54:01.764Z] <<< [apiv2][status] POST https://upload-firebasehosting.googleapis.com/upload/sites/shareshuffle-c7f96/versions/2429dcadd35a1463/files/3a0d9c1edef66d503d2d6f7e57250150031f33e3a932bb56cea6bf2674ed6f09 200
[debug] [2026-06-09T19:54:01.764Z] <<< [apiv2][body] POST https://upload-firebasehosting.googleapis.com/upload/sites/shareshuffle-c7f96/versions/2429dcadd35a1463/files/3a0d9c1edef66d503d2d6f7e57250150031f33e3a932bb56cea6bf2674ed6f09 [stream]
[debug] [2026-06-09T19:54:01.773Z] <<< [apiv2][status] POST https://upload-firebasehosting.googleapis.com/upload/sites/shareshuffle-c7f96/versions/2429dcadd35a1463/files/1be71525d0d65f3df705f90df792dc07564a9ad6e170defa232ad0d8c30668c3 200
[debug] [2026-06-09T19:54:01.773Z] <<< [apiv2][body] POST https://upload-firebasehosting.googleapis.com/upload/sites/shareshuffle-c7f96/versions/2429dcadd35a1463/files/1be71525d0d65f3df705f90df792dc07564a9ad6e170defa232ad0d8c30668c3 [stream]
[debug] [2026-06-09T19:54:01.777Z] <<< [apiv2][status] POST https://upload-firebasehosting.googleapis.com/upload/sites/shareshuffle-c7f96/versions/2429dcadd35a1463/files/bf46323b8e4b30cf23ff89119f0013148d3bfb7140845df5fad79115cec291c6 200
[debug] [2026-06-09T19:54:01.777Z] <<< [apiv2][body] POST https://upload-firebasehosting.googleapis.com/upload/sites/shareshuffle-c7f96/versions/2429dcadd35a1463/files/bf46323b8e4b30cf23ff89119f0013148d3bfb7140845df5fad79115cec291c6 [stream]
[debug] [2026-06-09T19:54:01.786Z] <<< [apiv2][status] POST https://upload-firebasehosting.googleapis.com/upload/sites/shareshuffle-c7f96/versions/2429dcadd35a1463/files/ebdf97d22ff06f3ca2e9f75386bb590eb241d79a9b4adaf4942735bdd894931e 200
[debug] [2026-06-09T19:54:01.787Z] <<< [apiv2][body] POST https://upload-firebasehosting.googleapis.com/upload/sites/shareshuffle-c7f96/versions/2429dcadd35a1463/files/ebdf97d22ff06f3ca2e9f75386bb590eb241d79a9b4adaf4942735bdd894931e [stream]
[debug] [2026-06-09T19:54:01.789Z] <<< [apiv2][status] POST https://upload-firebasehosting.googleapis.com/upload/sites/shareshuffle-c7f96/versions/2429dcadd35a1463/files/b10e235e8e631c62cf8970a23fcb25102f823e835384ecad0c7b1c463a2a6cb0 200
[debug] [2026-06-09T19:54:01.789Z] <<< [apiv2][body] POST https://upload-firebasehosting.googleapis.com/upload/sites/shareshuffle-c7f96/versions/2429dcadd35a1463/files/b10e235e8e631c62cf8970a23fcb25102f823e835384ecad0c7b1c463a2a6cb0 [stream]
[debug] [2026-06-09T19:54:01.791Z] <<< [apiv2][status] POST https://upload-firebasehosting.googleapis.com/upload/sites/shareshuffle-c7f96/versions/2429dcadd35a1463/files/d08f12f3bbf7fc47532a0636b18ec6192b53a0c76db234fa0a8cf58cd631d896 200
[debug] [2026-06-09T19:54:01.791Z] <<< [apiv2][body] POST https://upload-firebasehosting.googleapis.com/upload/sites/shareshuffle-c7f96/versions/2429dcadd35a1463/files/d08f12f3bbf7fc47532a0636b18ec6192b53a0c76db234fa0a8cf58cd631d896 [stream]
[debug] [2026-06-09T19:54:01.792Z] <<< [apiv2][status] POST https://upload-firebasehosting.googleapis.com/upload/sites/shareshuffle-c7f96/versions/2429dcadd35a1463/files/f59cb366c1a45bb040450ba7a8e7aa39eace7551384e853172f934d35a68b5dd 200
[debug] [2026-06-09T19:54:01.792Z] <<< [apiv2][body] POST https://upload-firebasehosting.googleapis.com/upload/sites/shareshuffle-c7f96/versions/2429dcadd35a1463/files/f59cb366c1a45bb040450ba7a8e7aa39eace7551384e853172f934d35a68b5dd [stream]
[debug] [2026-06-09T19:54:01.795Z] <<< [apiv2][status] POST https://upload-firebasehosting.googleapis.com/upload/sites/shareshuffle-c7f96/versions/2429dcadd35a1463/files/3196da819453e10a6284a8297f5d0c2daedf2584e5bcee64212a3e8d9be9d90c 200
[debug] [2026-06-09T19:54:01.795Z] <<< [apiv2][body] POST https://upload-firebasehosting.googleapis.com/upload/sites/shareshuffle-c7f96/versions/2429dcadd35a1463/files/3196da819453e10a6284a8297f5d0c2daedf2584e5bcee64212a3e8d9be9d90c [stream]
[debug] [2026-06-09T19:54:01.796Z] <<< [apiv2][status] POST https://upload-firebasehosting.googleapis.com/upload/sites/shareshuffle-c7f96/versions/2429dcadd35a1463/files/dfe993ae6a0d049b72642afc922764af8b7cb80bcefa1988a3ff7bfb17c34c45 200
[debug] [2026-06-09T19:54:01.796Z] <<< [apiv2][body] POST https://upload-firebasehosting.googleapis.com/upload/sites/shareshuffle-c7f96/versions/2429dcadd35a1463/files/dfe993ae6a0d049b72642afc922764af8b7cb80bcefa1988a3ff7bfb17c34c45 [stream]
[debug] [2026-06-09T19:54:01.803Z] <<< [apiv2][status] POST https://upload-firebasehosting.googleapis.com/upload/sites/shareshuffle-c7f96/versions/2429dcadd35a1463/files/a8b1c92ead8342bf60b849ad99bed65089c6ccc142e467d62287307902055d72 200
[debug] [2026-06-09T19:54:01.803Z] <<< [apiv2][body] POST https://upload-firebasehosting.googleapis.com/upload/sites/shareshuffle-c7f96/versions/2429dcadd35a1463/files/a8b1c92ead8342bf60b849ad99bed65089c6ccc142e467d62287307902055d72 [stream]
[debug] [2026-06-09T19:54:01.816Z] <<< [apiv2][status] POST https://upload-firebasehosting.googleapis.com/upload/sites/shareshuffle-c7f96/versions/2429dcadd35a1463/files/904966bf5dc4d9e9896cdaa6e921b0990587e40f19a699a9e8f6656dc29fd960 200
[debug] [2026-06-09T19:54:01.816Z] <<< [apiv2][body] POST https://upload-firebasehosting.googleapis.com/upload/sites/shareshuffle-c7f96/versions/2429dcadd35a1463/files/904966bf5dc4d9e9896cdaa6e921b0990587e40f19a699a9e8f6656dc29fd960 [stream]
[debug] [2026-06-09T19:54:01.820Z] <<< [apiv2][status] POST https://upload-firebasehosting.googleapis.com/upload/sites/shareshuffle-c7f96/versions/2429dcadd35a1463/files/dfb6ef32ea3b6d5f3f483385078817975c74dbba213c6a327dcf7c1a74fbec9b 200
[debug] [2026-06-09T19:54:01.820Z] <<< [apiv2][body] POST https://upload-firebasehosting.googleapis.com/upload/sites/shareshuffle-c7f96/versions/2429dcadd35a1463/files/dfb6ef32ea3b6d5f3f483385078817975c74dbba213c6a327dcf7c1a74fbec9b [stream]
[debug] [2026-06-09T19:54:01.820Z] <<< [apiv2][status] POST https://upload-firebasehosting.googleapis.com/upload/sites/shareshuffle-c7f96/versions/2429dcadd35a1463/files/93e9f229b0844ea95e1fecc51db41e8c855eb23d18ac2292e595ab5cc16e2e10 200
[debug] [2026-06-09T19:54:01.820Z] <<< [apiv2][body] POST https://upload-firebasehosting.googleapis.com/upload/sites/shareshuffle-c7f96/versions/2429dcadd35a1463/files/93e9f229b0844ea95e1fecc51db41e8c855eb23d18ac2292e595ab5cc16e2e10 [stream]
[debug] [2026-06-09T19:54:01.823Z] <<< [apiv2][status] POST https://upload-firebasehosting.googleapis.com/upload/sites/shareshuffle-c7f96/versions/2429dcadd35a1463/files/0f8002b822fdaddeac366fcf4edfa007477ebbdf32a1b9c293339d6010dd889f 200
[debug] [2026-06-09T19:54:01.823Z] <<< [apiv2][body] POST https://upload-firebasehosting.googleapis.com/upload/sites/shareshuffle-c7f96/versions/2429dcadd35a1463/files/0f8002b822fdaddeac366fcf4edfa007477ebbdf32a1b9c293339d6010dd889f [stream]
[debug] [2026-06-09T19:54:01.825Z] <<< [apiv2][status] POST https://upload-firebasehosting.googleapis.com/upload/sites/shareshuffle-c7f96/versions/2429dcadd35a1463/files/a8d258ec081edf62a88bfbae7eb3f8b84397cdf7d0532f25c4f0324134b89182 200
[debug] [2026-06-09T19:54:01.825Z] <<< [apiv2][body] POST https://upload-firebasehosting.googleapis.com/upload/sites/shareshuffle-c7f96/versions/2429dcadd35a1463/files/a8d258ec081edf62a88bfbae7eb3f8b84397cdf7d0532f25c4f0324134b89182 [stream]
[debug] [2026-06-09T19:54:01.826Z] <<< [apiv2][status] POST https://upload-firebasehosting.googleapis.com/upload/sites/shareshuffle-c7f96/versions/2429dcadd35a1463/files/9ff3c288e6019a90ebafdc6825452c3f5de62a696e23112b3ef8fc381404580a 200
[debug] [2026-06-09T19:54:01.826Z] <<< [apiv2][body] POST https://upload-firebasehosting.googleapis.com/upload/sites/shareshuffle-c7f96/versions/2429dcadd35a1463/files/9ff3c288e6019a90ebafdc6825452c3f5de62a696e23112b3ef8fc381404580a [stream]
[debug] [2026-06-09T19:54:01.828Z] <<< [apiv2][status] POST https://upload-firebasehosting.googleapis.com/upload/sites/shareshuffle-c7f96/versions/2429dcadd35a1463/files/819b4e136824dd0cd59ecd4d35c057efa65802de92bc01750bd01fc21eb94087 200
[debug] [2026-06-09T19:54:01.828Z] <<< [apiv2][body] POST https://upload-firebasehosting.googleapis.com/upload/sites/shareshuffle-c7f96/versions/2429dcadd35a1463/files/819b4e136824dd0cd59ecd4d35c057efa65802de92bc01750bd01fc21eb94087 [stream]
[debug] [2026-06-09T19:54:01.829Z] <<< [apiv2][status] POST https://upload-firebasehosting.googleapis.com/upload/sites/shareshuffle-c7f96/versions/2429dcadd35a1463/files/5fc7c899e2a1797a2baee36ce60c377568d9f9fb91db26482ce55eeafa64f32e 200
[debug] [2026-06-09T19:54:01.829Z] <<< [apiv2][body] POST https://upload-firebasehosting.googleapis.com/upload/sites/shareshuffle-c7f96/versions/2429dcadd35a1463/files/5fc7c899e2a1797a2baee36ce60c377568d9f9fb91db26482ce55eeafa64f32e [stream]
[debug] [2026-06-09T19:54:01.836Z] <<< [apiv2][status] POST https://upload-firebasehosting.googleapis.com/upload/sites/shareshuffle-c7f96/versions/2429dcadd35a1463/files/11189bef00c69ed2b59279991fa094295c9b2876aff79d293c9a6db4db4d280e 200
[debug] [2026-06-09T19:54:01.836Z] <<< [apiv2][body] POST https://upload-firebasehosting.googleapis.com/upload/sites/shareshuffle-c7f96/versions/2429dcadd35a1463/files/11189bef00c69ed2b59279991fa094295c9b2876aff79d293c9a6db4db4d280e [stream]
[debug] [2026-06-09T19:54:01.842Z] <<< [apiv2][status] POST https://upload-firebasehosting.googleapis.com/upload/sites/shareshuffle-c7f96/versions/2429dcadd35a1463/files/cfd889f20f894f14a8cb22e241c69f1493b1f7422eef5d527fce6974d3eb068d 200
[debug] [2026-06-09T19:54:01.842Z] <<< [apiv2][body] POST https://upload-firebasehosting.googleapis.com/upload/sites/shareshuffle-c7f96/versions/2429dcadd35a1463/files/cfd889f20f894f14a8cb22e241c69f1493b1f7422eef5d527fce6974d3eb068d [stream]
[debug] [2026-06-09T19:54:01.846Z] <<< [apiv2][status] POST https://upload-firebasehosting.googleapis.com/upload/sites/shareshuffle-c7f96/versions/2429dcadd35a1463/files/8621fc6acbd265504ef3f1785f931e286e70ffcb6ae4c142bd1439e6c5789560 200
[debug] [2026-06-09T19:54:01.846Z] <<< [apiv2][body] POST https://upload-firebasehosting.googleapis.com/upload/sites/shareshuffle-c7f96/versions/2429dcadd35a1463/files/8621fc6acbd265504ef3f1785f931e286e70ffcb6ae4c142bd1439e6c5789560 [stream]
[debug] [2026-06-09T19:54:01.851Z] <<< [apiv2][status] POST https://upload-firebasehosting.googleapis.com/upload/sites/shareshuffle-c7f96/versions/2429dcadd35a1463/files/c2b2da1beb47473204f6512a45e5b2704673373846e2800e2ab15401bbf0a4b3 200
[debug] [2026-06-09T19:54:01.851Z] <<< [apiv2][body] POST https://upload-firebasehosting.googleapis.com/upload/sites/shareshuffle-c7f96/versions/2429dcadd35a1463/files/c2b2da1beb47473204f6512a45e5b2704673373846e2800e2ab15401bbf0a4b3 [stream]
[debug] [2026-06-09T19:54:01.852Z] <<< [apiv2][status] POST https://upload-firebasehosting.googleapis.com/upload/sites/shareshuffle-c7f96/versions/2429dcadd35a1463/files/3e1de1e61ce91913a27b5043effafe35abf4fbc4457025aad766ca7fa0467940 200
[debug] [2026-06-09T19:54:01.852Z] <<< [apiv2][body] POST https://upload-firebasehosting.googleapis.com/upload/sites/shareshuffle-c7f96/versions/2429dcadd35a1463/files/3e1de1e61ce91913a27b5043effafe35abf4fbc4457025aad766ca7fa0467940 [stream]
[debug] [2026-06-09T19:54:01.852Z] <<< [apiv2][status] POST https://upload-firebasehosting.googleapis.com/upload/sites/shareshuffle-c7f96/versions/2429dcadd35a1463/files/5e78b99f6e22283f5e3e48966a911bc31e662e34d0896e39281cea95d0357797 200
[debug] [2026-06-09T19:54:01.852Z] <<< [apiv2][body] POST https://upload-firebasehosting.googleapis.com/upload/sites/shareshuffle-c7f96/versions/2429dcadd35a1463/files/5e78b99f6e22283f5e3e48966a911bc31e662e34d0896e39281cea95d0357797 [stream]
[debug] [2026-06-09T19:54:01.857Z] <<< [apiv2][status] POST https://upload-firebasehosting.googleapis.com/upload/sites/shareshuffle-c7f96/versions/2429dcadd35a1463/files/40b33984303ace551ee90b6a0c2039b2e17af770a0e143d0654cf9b1d90314ea 200
[debug] [2026-06-09T19:54:01.857Z] <<< [apiv2][body] POST https://upload-firebasehosting.googleapis.com/upload/sites/shareshuffle-c7f96/versions/2429dcadd35a1463/files/40b33984303ace551ee90b6a0c2039b2e17af770a0e143d0654cf9b1d90314ea [stream]
[debug] [2026-06-09T19:54:01.863Z] <<< [apiv2][status] POST https://upload-firebasehosting.googleapis.com/upload/sites/shareshuffle-c7f96/versions/2429dcadd35a1463/files/0f5d56efe56c5dcabb387d965aad58d0f60a3b7485cb9b04bef04b93bebf911e 200
[debug] [2026-06-09T19:54:01.863Z] <<< [apiv2][body] POST https://upload-firebasehosting.googleapis.com/upload/sites/shareshuffle-c7f96/versions/2429dcadd35a1463/files/0f5d56efe56c5dcabb387d965aad58d0f60a3b7485cb9b04bef04b93bebf911e [stream]
[debug] [2026-06-09T19:54:01.863Z] <<< [apiv2][status] POST https://upload-firebasehosting.googleapis.com/upload/sites/shareshuffle-c7f96/versions/2429dcadd35a1463/files/4adfea9cddde227b86a0013e02fe45dac9e7674866eb1ef7ec330f17f43ff070 200
[debug] [2026-06-09T19:54:01.863Z] <<< [apiv2][body] POST https://upload-firebasehosting.googleapis.com/upload/sites/shareshuffle-c7f96/versions/2429dcadd35a1463/files/4adfea9cddde227b86a0013e02fe45dac9e7674866eb1ef7ec330f17f43ff070 [stream]
[debug] [2026-06-09T19:54:01.864Z] <<< [apiv2][status] POST https://upload-firebasehosting.googleapis.com/upload/sites/shareshuffle-c7f96/versions/2429dcadd35a1463/files/e60c7a47d2dde6f765aaca593da6df281a38070725193c0d746a00806958c2c2 200
[debug] [2026-06-09T19:54:01.864Z] <<< [apiv2][body] POST https://upload-firebasehosting.googleapis.com/upload/sites/shareshuffle-c7f96/versions/2429dcadd35a1463/files/e60c7a47d2dde6f765aaca593da6df281a38070725193c0d746a00806958c2c2 [stream]
[debug] [2026-06-09T19:54:01.865Z] <<< [apiv2][status] POST https://upload-firebasehosting.googleapis.com/upload/sites/shareshuffle-c7f96/versions/2429dcadd35a1463/files/c280a90e9989e4f1d24b20a990646d2eb9895691c9d85e07741a2a2ec8cc745d 200
[debug] [2026-06-09T19:54:01.865Z] <<< [apiv2][body] POST https://upload-firebasehosting.googleapis.com/upload/sites/shareshuffle-c7f96/versions/2429dcadd35a1463/files/c280a90e9989e4f1d24b20a990646d2eb9895691c9d85e07741a2a2ec8cc745d [stream]
[debug] [2026-06-09T19:54:01.875Z] <<< [apiv2][status] POST https://upload-firebasehosting.googleapis.com/upload/sites/shareshuffle-c7f96/versions/2429dcadd35a1463/files/109e53b223e9befc5ec87b02aa5d6edd155b30f5c5678abf874508c2268077c8 200
[debug] [2026-06-09T19:54:01.875Z] <<< [apiv2][body] POST https://upload-firebasehosting.googleapis.com/upload/sites/shareshuffle-c7f96/versions/2429dcadd35a1463/files/109e53b223e9befc5ec87b02aa5d6edd155b30f5c5678abf874508c2268077c8 [stream]
[debug] [2026-06-09T19:54:01.880Z] <<< [apiv2][status] POST https://upload-firebasehosting.googleapis.com/upload/sites/shareshuffle-c7f96/versions/2429dcadd35a1463/files/e74ae2c7c5a0054498a71388a78f84a0ee657b25cd7ad478bf758a3566bc5e28 200
[debug] [2026-06-09T19:54:01.880Z] <<< [apiv2][body] POST https://upload-firebasehosting.googleapis.com/upload/sites/shareshuffle-c7f96/versions/2429dcadd35a1463/files/e74ae2c7c5a0054498a71388a78f84a0ee657b25cd7ad478bf758a3566bc5e28 [stream]
[debug] [2026-06-09T19:54:01.880Z] <<< [apiv2][status] POST https://upload-firebasehosting.googleapis.com/upload/sites/shareshuffle-c7f96/versions/2429dcadd35a1463/files/200f0b1f9e53dc0fbca729941e9d1ce15744a06a64dddcb5be1583e0cc0928fb 200
[debug] [2026-06-09T19:54:01.880Z] <<< [apiv2][body] POST https://upload-firebasehosting.googleapis.com/upload/sites/shareshuffle-c7f96/versions/2429dcadd35a1463/files/200f0b1f9e53dc0fbca729941e9d1ce15744a06a64dddcb5be1583e0cc0928fb [stream]
[debug] [2026-06-09T19:54:01.881Z] <<< [apiv2][status] POST https://upload-firebasehosting.googleapis.com/upload/sites/shareshuffle-c7f96/versions/2429dcadd35a1463/files/7653d99e8282f7253a4079eb1b6ac9ba636d52a1f5e72820c78985a2810442c8 200
[debug] [2026-06-09T19:54:01.881Z] <<< [apiv2][body] POST https://upload-firebasehosting.googleapis.com/upload/sites/shareshuffle-c7f96/versions/2429dcadd35a1463/files/7653d99e8282f7253a4079eb1b6ac9ba636d52a1f5e72820c78985a2810442c8 [stream]
[debug] [2026-06-09T19:54:01.892Z] <<< [apiv2][status] POST https://upload-firebasehosting.googleapis.com/upload/sites/shareshuffle-c7f96/versions/2429dcadd35a1463/files/af306ce3b9bcd355b562da9ba45b94312959f196f0399e9c7f99405824758974 200
[debug] [2026-06-09T19:54:01.892Z] <<< [apiv2][body] POST https://upload-firebasehosting.googleapis.com/upload/sites/shareshuffle-c7f96/versions/2429dcadd35a1463/files/af306ce3b9bcd355b562da9ba45b94312959f196f0399e9c7f99405824758974 [stream]
[debug] [2026-06-09T19:54:01.898Z] <<< [apiv2][status] POST https://upload-firebasehosting.googleapis.com/upload/sites/shareshuffle-c7f96/versions/2429dcadd35a1463/files/eb510e0b0e60b65e28db5ab934e72e2004498e6e5ea785083aac84e91023e61a 200
[debug] [2026-06-09T19:54:01.898Z] <<< [apiv2][body] POST https://upload-firebasehosting.googleapis.com/upload/sites/shareshuffle-c7f96/versions/2429dcadd35a1463/files/eb510e0b0e60b65e28db5ab934e72e2004498e6e5ea785083aac84e91023e61a [stream]
[debug] [2026-06-09T19:54:01.899Z] <<< [apiv2][status] POST https://upload-firebasehosting.googleapis.com/upload/sites/shareshuffle-c7f96/versions/2429dcadd35a1463/files/dc524eba7da6829a8ff9e95a55d232f02a18f5d4311489246c3f65ffb7855331 200
[debug] [2026-06-09T19:54:01.899Z] <<< [apiv2][body] POST https://upload-firebasehosting.googleapis.com/upload/sites/shareshuffle-c7f96/versions/2429dcadd35a1463/files/dc524eba7da6829a8ff9e95a55d232f02a18f5d4311489246c3f65ffb7855331 [stream]
[debug] [2026-06-09T19:54:01.908Z] <<< [apiv2][status] POST https://upload-firebasehosting.googleapis.com/upload/sites/shareshuffle-c7f96/versions/2429dcadd35a1463/files/f119df17ded70ef2df403976b9c749ef7b152e9310f0caeaa9baa048679208b5 200
[debug] [2026-06-09T19:54:01.908Z] <<< [apiv2][body] POST https://upload-firebasehosting.googleapis.com/upload/sites/shareshuffle-c7f96/versions/2429dcadd35a1463/files/f119df17ded70ef2df403976b9c749ef7b152e9310f0caeaa9baa048679208b5 [stream]
[debug] [2026-06-09T19:54:01.911Z] <<< [apiv2][status] POST https://upload-firebasehosting.googleapis.com/upload/sites/shareshuffle-c7f96/versions/2429dcadd35a1463/files/85f5a650465c06ca58143c56803add4775968e92118024238b69dc61b2817127 200
[debug] [2026-06-09T19:54:01.911Z] <<< [apiv2][body] POST https://upload-firebasehosting.googleapis.com/upload/sites/shareshuffle-c7f96/versions/2429dcadd35a1463/files/85f5a650465c06ca58143c56803add4775968e92118024238b69dc61b2817127 [stream]
[debug] [2026-06-09T19:54:01.911Z] <<< [apiv2][status] POST https://upload-firebasehosting.googleapis.com/upload/sites/shareshuffle-c7f96/versions/2429dcadd35a1463/files/28dd6e64231b60c1bc9a7dbd51f8ee698e87eca8af6f5c95cc5aa47e1f12ed3e 200
[debug] [2026-06-09T19:54:01.911Z] <<< [apiv2][body] POST https://upload-firebasehosting.googleapis.com/upload/sites/shareshuffle-c7f96/versions/2429dcadd35a1463/files/28dd6e64231b60c1bc9a7dbd51f8ee698e87eca8af6f5c95cc5aa47e1f12ed3e [stream]
[debug] [2026-06-09T19:54:01.922Z] <<< [apiv2][status] POST https://upload-firebasehosting.googleapis.com/upload/sites/shareshuffle-c7f96/versions/2429dcadd35a1463/files/16f845be2180b7addbeb49a6ced8ffedcdf93149a6c38386c3a7ec9db996e770 200
[debug] [2026-06-09T19:54:01.922Z] <<< [apiv2][body] POST https://upload-firebasehosting.googleapis.com/upload/sites/shareshuffle-c7f96/versions/2429dcadd35a1463/files/16f845be2180b7addbeb49a6ced8ffedcdf93149a6c38386c3a7ec9db996e770 [stream]
[debug] [2026-06-09T19:54:01.926Z] <<< [apiv2][status] POST https://upload-firebasehosting.googleapis.com/upload/sites/shareshuffle-c7f96/versions/2429dcadd35a1463/files/fe357d2d32e2d52fa3c4957a8150fcfdac091f1d7c588a83323c558d71c0f99f 200
[debug] [2026-06-09T19:54:01.926Z] <<< [apiv2][body] POST https://upload-firebasehosting.googleapis.com/upload/sites/shareshuffle-c7f96/versions/2429dcadd35a1463/files/fe357d2d32e2d52fa3c4957a8150fcfdac091f1d7c588a83323c558d71c0f99f [stream]
[debug] [2026-06-09T19:54:01.931Z] <<< [apiv2][status] POST https://upload-firebasehosting.googleapis.com/upload/sites/shareshuffle-c7f96/versions/2429dcadd35a1463/files/3696cde9e17c469b2b056668cabcbabb63f608186d4249c75fcbdc4265c3a64f 200
[debug] [2026-06-09T19:54:01.931Z] <<< [apiv2][body] POST https://upload-firebasehosting.googleapis.com/upload/sites/shareshuffle-c7f96/versions/2429dcadd35a1463/files/3696cde9e17c469b2b056668cabcbabb63f608186d4249c75fcbdc4265c3a64f [stream]
[debug] [2026-06-09T19:54:01.932Z] <<< [apiv2][status] POST https://upload-firebasehosting.googleapis.com/upload/sites/shareshuffle-c7f96/versions/2429dcadd35a1463/files/9478e3e212f8001fb56d045b9a800e40744a546a62dd068b5e8925c4211e33d8 200
[debug] [2026-06-09T19:54:01.932Z] <<< [apiv2][body] POST https://upload-firebasehosting.googleapis.com/upload/sites/shareshuffle-c7f96/versions/2429dcadd35a1463/files/9478e3e212f8001fb56d045b9a800e40744a546a62dd068b5e8925c4211e33d8 [stream]
[debug] [2026-06-09T19:54:01.933Z] <<< [apiv2][status] POST https://upload-firebasehosting.googleapis.com/upload/sites/shareshuffle-c7f96/versions/2429dcadd35a1463/files/12e8593d7bfe1eaef6cde26263ddbd6c36186502964393d00d4397d726310739 200
[debug] [2026-06-09T19:54:01.933Z] <<< [apiv2][body] POST https://upload-firebasehosting.googleapis.com/upload/sites/shareshuffle-c7f96/versions/2429dcadd35a1463/files/12e8593d7bfe1eaef6cde26263ddbd6c36186502964393d00d4397d726310739 [stream]
[debug] [2026-06-09T19:54:01.936Z] <<< [apiv2][status] POST https://upload-firebasehosting.googleapis.com/upload/sites/shareshuffle-c7f96/versions/2429dcadd35a1463/files/faf9b26d3520af61be6aa410a3a8df141591a14616d7bd7b49ea3fdaf4a0447b 200
[debug] [2026-06-09T19:54:01.936Z] <<< [apiv2][body] POST https://upload-firebasehosting.googleapis.com/upload/sites/shareshuffle-c7f96/versions/2429dcadd35a1463/files/faf9b26d3520af61be6aa410a3a8df141591a14616d7bd7b49ea3fdaf4a0447b [stream]
[debug] [2026-06-09T19:54:01.937Z] <<< [apiv2][status] POST https://upload-firebasehosting.googleapis.com/upload/sites/shareshuffle-c7f96/versions/2429dcadd35a1463/files/3f826fc0db67c23433cc9ee8a793342bfd187a65188267ba4c3745a227b1316a 200
[debug] [2026-06-09T19:54:01.937Z] <<< [apiv2][body] POST https://upload-firebasehosting.googleapis.com/upload/sites/shareshuffle-c7f96/versions/2429dcadd35a1463/files/3f826fc0db67c23433cc9ee8a793342bfd187a65188267ba4c3745a227b1316a [stream]
[debug] [2026-06-09T19:54:01.944Z] <<< [apiv2][status] POST https://upload-firebasehosting.googleapis.com/upload/sites/shareshuffle-c7f96/versions/2429dcadd35a1463/files/09ce2cb53a9a284bff0b2d1f67549d605587c2b2c6f7de834d5efbe4e5198122 200
[debug] [2026-06-09T19:54:01.944Z] <<< [apiv2][body] POST https://upload-firebasehosting.googleapis.com/upload/sites/shareshuffle-c7f96/versions/2429dcadd35a1463/files/09ce2cb53a9a284bff0b2d1f67549d605587c2b2c6f7de834d5efbe4e5198122 [stream]
[debug] [2026-06-09T19:54:01.950Z] <<< [apiv2][status] POST https://upload-firebasehosting.googleapis.com/upload/sites/shareshuffle-c7f96/versions/2429dcadd35a1463/files/f3aed940df107fefb461815ccb6fd4cf6406c87cf0d600cf874485b89ea3fcc3 200
[debug] [2026-06-09T19:54:01.951Z] <<< [apiv2][body] POST https://upload-firebasehosting.googleapis.com/upload/sites/shareshuffle-c7f96/versions/2429dcadd35a1463/files/f3aed940df107fefb461815ccb6fd4cf6406c87cf0d600cf874485b89ea3fcc3 [stream]
[debug] [2026-06-09T19:54:01.955Z] <<< [apiv2][status] POST https://upload-firebasehosting.googleapis.com/upload/sites/shareshuffle-c7f96/versions/2429dcadd35a1463/files/5aab4ae04aec8b7e2a841dab3abd8cd16a97000a244904a20a3741fc117a0258 200
[debug] [2026-06-09T19:54:01.955Z] <<< [apiv2][body] POST https://upload-firebasehosting.googleapis.com/upload/sites/shareshuffle-c7f96/versions/2429dcadd35a1463/files/5aab4ae04aec8b7e2a841dab3abd8cd16a97000a244904a20a3741fc117a0258 [stream]
[debug] [2026-06-09T19:54:01.958Z] <<< [apiv2][status] POST https://upload-firebasehosting.googleapis.com/upload/sites/shareshuffle-c7f96/versions/2429dcadd35a1463/files/553543b3472f0d5661b8da5e37f54a56cc2a6e5387aea198956fe945573a605f 200
[debug] [2026-06-09T19:54:01.958Z] <<< [apiv2][body] POST https://upload-firebasehosting.googleapis.com/upload/sites/shareshuffle-c7f96/versions/2429dcadd35a1463/files/553543b3472f0d5661b8da5e37f54a56cc2a6e5387aea198956fe945573a605f [stream]
[debug] [2026-06-09T19:54:01.964Z] <<< [apiv2][status] POST https://upload-firebasehosting.googleapis.com/upload/sites/shareshuffle-c7f96/versions/2429dcadd35a1463/files/55bb6ef201910b1c993d09fe8030f369f13782a7ef0a56c1ac50c7a5b0f91ab8 200
[debug] [2026-06-09T19:54:01.964Z] <<< [apiv2][body] POST https://upload-firebasehosting.googleapis.com/upload/sites/shareshuffle-c7f96/versions/2429dcadd35a1463/files/55bb6ef201910b1c993d09fe8030f369f13782a7ef0a56c1ac50c7a5b0f91ab8 [stream]
[debug] [2026-06-09T19:54:01.964Z] <<< [apiv2][status] POST https://upload-firebasehosting.googleapis.com/upload/sites/shareshuffle-c7f96/versions/2429dcadd35a1463/files/9b6deb09235626ec611933af045e786db8f0081f71ce0c3f2954f8430d17fb8b 200
[debug] [2026-06-09T19:54:01.964Z] <<< [apiv2][body] POST https://upload-firebasehosting.googleapis.com/upload/sites/shareshuffle-c7f96/versions/2429dcadd35a1463/files/9b6deb09235626ec611933af045e786db8f0081f71ce0c3f2954f8430d17fb8b [stream]
[debug] [2026-06-09T19:54:01.965Z] <<< [apiv2][status] POST https://upload-firebasehosting.googleapis.com/upload/sites/shareshuffle-c7f96/versions/2429dcadd35a1463/files/6c9ebbd548ad08b9ed495cc257130807b06cf7d2d587c303a4464f59c5d7c4f3 200
[debug] [2026-06-09T19:54:01.965Z] <<< [apiv2][body] POST https://upload-firebasehosting.googleapis.com/upload/sites/shareshuffle-c7f96/versions/2429dcadd35a1463/files/6c9ebbd548ad08b9ed495cc257130807b06cf7d2d587c303a4464f59c5d7c4f3 [stream]
[debug] [2026-06-09T19:54:01.965Z] <<< [apiv2][status] POST https://upload-firebasehosting.googleapis.com/upload/sites/shareshuffle-c7f96/versions/2429dcadd35a1463/files/e70fe30a61293667a28763c490bc4145a6f1b311a74cd75c3d4b0695559b6910 200
[debug] [2026-06-09T19:54:01.965Z] <<< [apiv2][body] POST https://upload-firebasehosting.googleapis.com/upload/sites/shareshuffle-c7f96/versions/2429dcadd35a1463/files/e70fe30a61293667a28763c490bc4145a6f1b311a74cd75c3d4b0695559b6910 [stream]
[debug] [2026-06-09T19:54:01.970Z] <<< [apiv2][status] POST https://upload-firebasehosting.googleapis.com/upload/sites/shareshuffle-c7f96/versions/2429dcadd35a1463/files/f15a2e05e1daec7290cd24d0e1dcd75375c49e6508f47b6a6f4af5d44cec7823 200
[debug] [2026-06-09T19:54:01.970Z] <<< [apiv2][body] POST https://upload-firebasehosting.googleapis.com/upload/sites/shareshuffle-c7f96/versions/2429dcadd35a1463/files/f15a2e05e1daec7290cd24d0e1dcd75375c49e6508f47b6a6f4af5d44cec7823 [stream]
[debug] [2026-06-09T19:54:01.971Z] <<< [apiv2][status] POST https://upload-firebasehosting.googleapis.com/upload/sites/shareshuffle-c7f96/versions/2429dcadd35a1463/files/f40d9dc4cb6e8963cda738a8251646b03d5355f8d424fd051d0fddc887a54e21 200
[debug] [2026-06-09T19:54:01.971Z] <<< [apiv2][body] POST https://upload-firebasehosting.googleapis.com/upload/sites/shareshuffle-c7f96/versions/2429dcadd35a1463/files/f40d9dc4cb6e8963cda738a8251646b03d5355f8d424fd051d0fddc887a54e21 [stream]
[debug] [2026-06-09T19:54:01.971Z] <<< [apiv2][status] POST https://upload-firebasehosting.googleapis.com/upload/sites/shareshuffle-c7f96/versions/2429dcadd35a1463/files/3089ce50cd716e6197aadc36fb67cae1d70d648308bf43cc80c7e30e4239a8d1 200
[debug] [2026-06-09T19:54:01.971Z] <<< [apiv2][body] POST https://upload-firebasehosting.googleapis.com/upload/sites/shareshuffle-c7f96/versions/2429dcadd35a1463/files/3089ce50cd716e6197aadc36fb67cae1d70d648308bf43cc80c7e30e4239a8d1 [stream]
[debug] [2026-06-09T19:54:01.975Z] <<< [apiv2][status] POST https://upload-firebasehosting.googleapis.com/upload/sites/shareshuffle-c7f96/versions/2429dcadd35a1463/files/aabb27d6c5222c8ea56115eef5d4f27ed5ab895cb093ec34cd637ff51723a3e7 200
[debug] [2026-06-09T19:54:01.975Z] <<< [apiv2][body] POST https://upload-firebasehosting.googleapis.com/upload/sites/shareshuffle-c7f96/versions/2429dcadd35a1463/files/aabb27d6c5222c8ea56115eef5d4f27ed5ab895cb093ec34cd637ff51723a3e7 [stream]
[debug] [2026-06-09T19:54:01.975Z] <<< [apiv2][status] POST https://upload-firebasehosting.googleapis.com/upload/sites/shareshuffle-c7f96/versions/2429dcadd35a1463/files/2def0795beeb020edd073e7671660dabdb8b58867ac5b03cfd358c5d3438e591 200
[debug] [2026-06-09T19:54:01.976Z] <<< [apiv2][body] POST https://upload-firebasehosting.googleapis.com/upload/sites/shareshuffle-c7f96/versions/2429dcadd35a1463/files/2def0795beeb020edd073e7671660dabdb8b58867ac5b03cfd358c5d3438e591 [stream]
[debug] [2026-06-09T19:54:01.977Z] <<< [apiv2][status] POST https://upload-firebasehosting.googleapis.com/upload/sites/shareshuffle-c7f96/versions/2429dcadd35a1463/files/b54c6c35fb5a72d8d9aef27513fbba1d5ed711187adcabf6e61d1c00bf58e168 200
[debug] [2026-06-09T19:54:01.977Z] <<< [apiv2][body] POST https://upload-firebasehosting.googleapis.com/upload/sites/shareshuffle-c7f96/versions/2429dcadd35a1463/files/b54c6c35fb5a72d8d9aef27513fbba1d5ed711187adcabf6e61d1c00bf58e168 [stream]
[debug] [2026-06-09T19:54:01.978Z] <<< [apiv2][status] POST https://upload-firebasehosting.googleapis.com/upload/sites/shareshuffle-c7f96/versions/2429dcadd35a1463/files/1b86dc4ea620ac9a22ecc4197e2f8b6d0f30ee6c24f03b7ef4236ebcadadf04f 200
[debug] [2026-06-09T19:54:01.978Z] <<< [apiv2][body] POST https://upload-firebasehosting.googleapis.com/upload/sites/shareshuffle-c7f96/versions/2429dcadd35a1463/files/1b86dc4ea620ac9a22ecc4197e2f8b6d0f30ee6c24f03b7ef4236ebcadadf04f [stream]
[debug] [2026-06-09T19:54:01.979Z] <<< [apiv2][status] POST https://upload-firebasehosting.googleapis.com/upload/sites/shareshuffle-c7f96/versions/2429dcadd35a1463/files/21698bb9cc236ed557dfd28414c4c46a690d7fb639a6f8c3a236a941ae14243e 200
[debug] [2026-06-09T19:54:01.979Z] <<< [apiv2][body] POST https://upload-firebasehosting.googleapis.com/upload/sites/shareshuffle-c7f96/versions/2429dcadd35a1463/files/21698bb9cc236ed557dfd28414c4c46a690d7fb639a6f8c3a236a941ae14243e [stream]
[debug] [2026-06-09T19:54:01.982Z] <<< [apiv2][status] POST https://upload-firebasehosting.googleapis.com/upload/sites/shareshuffle-c7f96/versions/2429dcadd35a1463/files/9d07e269bff8a129b0c2ea4710397ed9e20e93cfa96c068d8a090edc900f20d3 200
[debug] [2026-06-09T19:54:01.982Z] <<< [apiv2][body] POST https://upload-firebasehosting.googleapis.com/upload/sites/shareshuffle-c7f96/versions/2429dcadd35a1463/files/9d07e269bff8a129b0c2ea4710397ed9e20e93cfa96c068d8a090edc900f20d3 [stream]
[debug] [2026-06-09T19:54:01.988Z] <<< [apiv2][status] POST https://upload-firebasehosting.googleapis.com/upload/sites/shareshuffle-c7f96/versions/2429dcadd35a1463/files/ea73fdc6b68e252470f86d095e9f75a59e66b5d37339667c56acb18886246f66 200
[debug] [2026-06-09T19:54:01.988Z] <<< [apiv2][body] POST https://upload-firebasehosting.googleapis.com/upload/sites/shareshuffle-c7f96/versions/2429dcadd35a1463/files/ea73fdc6b68e252470f86d095e9f75a59e66b5d37339667c56acb18886246f66 [stream]
[debug] [2026-06-09T19:54:01.990Z] <<< [apiv2][status] POST https://upload-firebasehosting.googleapis.com/upload/sites/shareshuffle-c7f96/versions/2429dcadd35a1463/files/1b9e29b575211d45c809dd30a1512e486610b35e32b6127a42a0e323ff7ef6d1 200
[debug] [2026-06-09T19:54:01.990Z] <<< [apiv2][body] POST https://upload-firebasehosting.googleapis.com/upload/sites/shareshuffle-c7f96/versions/2429dcadd35a1463/files/1b9e29b575211d45c809dd30a1512e486610b35e32b6127a42a0e323ff7ef6d1 [stream]
[debug] [2026-06-09T19:54:01.993Z] <<< [apiv2][status] POST https://upload-firebasehosting.googleapis.com/upload/sites/shareshuffle-c7f96/versions/2429dcadd35a1463/files/dfa608904691640beddf9340b0393751784b6f1845c3d414f6cf056cbef2e7a8 200
[debug] [2026-06-09T19:54:01.993Z] <<< [apiv2][body] POST https://upload-firebasehosting.googleapis.com/upload/sites/shareshuffle-c7f96/versions/2429dcadd35a1463/files/dfa608904691640beddf9340b0393751784b6f1845c3d414f6cf056cbef2e7a8 [stream]
[debug] [2026-06-09T19:54:02.001Z] <<< [apiv2][status] POST https://upload-firebasehosting.googleapis.com/upload/sites/shareshuffle-c7f96/versions/2429dcadd35a1463/files/13d2e71bc43faa57189de6fed4981abf05bbca80ed83141cf8515c5ef6f034fe 200
[debug] [2026-06-09T19:54:02.002Z] <<< [apiv2][body] POST https://upload-firebasehosting.googleapis.com/upload/sites/shareshuffle-c7f96/versions/2429dcadd35a1463/files/13d2e71bc43faa57189de6fed4981abf05bbca80ed83141cf8515c5ef6f034fe [stream]
[debug] [2026-06-09T19:54:02.004Z] <<< [apiv2][status] POST https://upload-firebasehosting.googleapis.com/upload/sites/shareshuffle-c7f96/versions/2429dcadd35a1463/files/18139e580e0d850947a86b0ac7a8ecb0fad65cd3bf2b4b0dcb2a1176be4b6c43 200
[debug] [2026-06-09T19:54:02.004Z] <<< [apiv2][body] POST https://upload-firebasehosting.googleapis.com/upload/sites/shareshuffle-c7f96/versions/2429dcadd35a1463/files/18139e580e0d850947a86b0ac7a8ecb0fad65cd3bf2b4b0dcb2a1176be4b6c43 [stream]
[debug] [2026-06-09T19:54:02.004Z] <<< [apiv2][status] POST https://upload-firebasehosting.googleapis.com/upload/sites/shareshuffle-c7f96/versions/2429dcadd35a1463/files/8d10f1a8033a6b19b2b02a680eb2e09f135b672e38b52511d293a0e854edc1ec 200
[debug] [2026-06-09T19:54:02.004Z] <<< [apiv2][body] POST https://upload-firebasehosting.googleapis.com/upload/sites/shareshuffle-c7f96/versions/2429dcadd35a1463/files/8d10f1a8033a6b19b2b02a680eb2e09f135b672e38b52511d293a0e854edc1ec [stream]
[debug] [2026-06-09T19:54:02.013Z] <<< [apiv2][status] POST https://upload-firebasehosting.googleapis.com/upload/sites/shareshuffle-c7f96/versions/2429dcadd35a1463/files/e26086d9209f3e3d3bc25e6627dddddce9035a310bca6e6769fbaa243452e5bd 200
[debug] [2026-06-09T19:54:02.013Z] <<< [apiv2][body] POST https://upload-firebasehosting.googleapis.com/upload/sites/shareshuffle-c7f96/versions/2429dcadd35a1463/files/e26086d9209f3e3d3bc25e6627dddddce9035a310bca6e6769fbaa243452e5bd [stream]
[debug] [2026-06-09T19:54:02.014Z] <<< [apiv2][status] POST https://upload-firebasehosting.googleapis.com/upload/sites/shareshuffle-c7f96/versions/2429dcadd35a1463/files/f2020f08fa34e906bb577a629ea687c29ddb19596cec59257dff05e55c1d6ae2 200
[debug] [2026-06-09T19:54:02.014Z] <<< [apiv2][body] POST https://upload-firebasehosting.googleapis.com/upload/sites/shareshuffle-c7f96/versions/2429dcadd35a1463/files/f2020f08fa34e906bb577a629ea687c29ddb19596cec59257dff05e55c1d6ae2 [stream]
[debug] [2026-06-09T19:54:02.014Z] <<< [apiv2][status] POST https://upload-firebasehosting.googleapis.com/upload/sites/shareshuffle-c7f96/versions/2429dcadd35a1463/files/3f52ec38717edcf78ff6bd6381ba2f9507061c98d07f744b159d4285eb2fe599 200
[debug] [2026-06-09T19:54:02.014Z] <<< [apiv2][body] POST https://upload-firebasehosting.googleapis.com/upload/sites/shareshuffle-c7f96/versions/2429dcadd35a1463/files/3f52ec38717edcf78ff6bd6381ba2f9507061c98d07f744b159d4285eb2fe599 [stream]
[debug] [2026-06-09T19:54:02.017Z] <<< [apiv2][status] POST https://upload-firebasehosting.googleapis.com/upload/sites/shareshuffle-c7f96/versions/2429dcadd35a1463/files/0609e8659613a3135a20c942cb42c5f3a35f69de07ae43d82ef2c1a980cc08c1 200
[debug] [2026-06-09T19:54:02.018Z] <<< [apiv2][body] POST https://upload-firebasehosting.googleapis.com/upload/sites/shareshuffle-c7f96/versions/2429dcadd35a1463/files/0609e8659613a3135a20c942cb42c5f3a35f69de07ae43d82ef2c1a980cc08c1 [stream]
[debug] [2026-06-09T19:54:02.023Z] <<< [apiv2][status] POST https://upload-firebasehosting.googleapis.com/upload/sites/shareshuffle-c7f96/versions/2429dcadd35a1463/files/101a476576a451b41030470c0e41f0098ba7512d02eed817eac9fd8952fedad6 200
[debug] [2026-06-09T19:54:02.023Z] <<< [apiv2][body] POST https://upload-firebasehosting.googleapis.com/upload/sites/shareshuffle-c7f96/versions/2429dcadd35a1463/files/101a476576a451b41030470c0e41f0098ba7512d02eed817eac9fd8952fedad6 [stream]
[debug] [2026-06-09T19:54:02.025Z] <<< [apiv2][status] POST https://upload-firebasehosting.googleapis.com/upload/sites/shareshuffle-c7f96/versions/2429dcadd35a1463/files/4dc9ad37e70bb53dfa988313e215ab29aea099504f55e97834ef344309644fa4 200
[debug] [2026-06-09T19:54:02.025Z] <<< [apiv2][body] POST https://upload-firebasehosting.googleapis.com/upload/sites/shareshuffle-c7f96/versions/2429dcadd35a1463/files/4dc9ad37e70bb53dfa988313e215ab29aea099504f55e97834ef344309644fa4 [stream]
[debug] [2026-06-09T19:54:02.032Z] <<< [apiv2][status] POST https://upload-firebasehosting.googleapis.com/upload/sites/shareshuffle-c7f96/versions/2429dcadd35a1463/files/420494b11725776016e17d217a35cf14270c206fc4bb4589cc4a7ef32519eeb4 200
[debug] [2026-06-09T19:54:02.032Z] <<< [apiv2][body] POST https://upload-firebasehosting.googleapis.com/upload/sites/shareshuffle-c7f96/versions/2429dcadd35a1463/files/420494b11725776016e17d217a35cf14270c206fc4bb4589cc4a7ef32519eeb4 [stream]
[debug] [2026-06-09T19:54:02.035Z] <<< [apiv2][status] POST https://upload-firebasehosting.googleapis.com/upload/sites/shareshuffle-c7f96/versions/2429dcadd35a1463/files/2ec717e4e6894e07f158404e7a3e4415e25da38d2f1b1e4ec25481f3fff09aa1 200
[debug] [2026-06-09T19:54:02.035Z] <<< [apiv2][body] POST https://upload-firebasehosting.googleapis.com/upload/sites/shareshuffle-c7f96/versions/2429dcadd35a1463/files/2ec717e4e6894e07f158404e7a3e4415e25da38d2f1b1e4ec25481f3fff09aa1 [stream]
[debug] [2026-06-09T19:54:02.035Z] <<< [apiv2][status] POST https://upload-firebasehosting.googleapis.com/upload/sites/shareshuffle-c7f96/versions/2429dcadd35a1463/files/fe0c6541d90acffebb40cd6cd6d33705e8ea7e400dc87d45546525b715f63912 200
[debug] [2026-06-09T19:54:02.035Z] <<< [apiv2][body] POST https://upload-firebasehosting.googleapis.com/upload/sites/shareshuffle-c7f96/versions/2429dcadd35a1463/files/fe0c6541d90acffebb40cd6cd6d33705e8ea7e400dc87d45546525b715f63912 [stream]
[debug] [2026-06-09T19:54:02.037Z] <<< [apiv2][status] POST https://upload-firebasehosting.googleapis.com/upload/sites/shareshuffle-c7f96/versions/2429dcadd35a1463/files/0dd7b2e01cd239c2e95163086f45b4074cc2c2f0479a2c7887ba07b7e93646b1 200
[debug] [2026-06-09T19:54:02.037Z] <<< [apiv2][body] POST https://upload-firebasehosting.googleapis.com/upload/sites/shareshuffle-c7f96/versions/2429dcadd35a1463/files/0dd7b2e01cd239c2e95163086f45b4074cc2c2f0479a2c7887ba07b7e93646b1 [stream]
[debug] [2026-06-09T19:54:02.038Z] <<< [apiv2][status] POST https://upload-firebasehosting.googleapis.com/upload/sites/shareshuffle-c7f96/versions/2429dcadd35a1463/files/fb5324d4f4f5ce620227f1a4751b8ba3601d6fc0b568ad3fd9f80112a0214e43 200
[debug] [2026-06-09T19:54:02.038Z] <<< [apiv2][body] POST https://upload-firebasehosting.googleapis.com/upload/sites/shareshuffle-c7f96/versions/2429dcadd35a1463/files/fb5324d4f4f5ce620227f1a4751b8ba3601d6fc0b568ad3fd9f80112a0214e43 [stream]
[debug] [2026-06-09T19:54:02.039Z] <<< [apiv2][status] POST https://upload-firebasehosting.googleapis.com/upload/sites/shareshuffle-c7f96/versions/2429dcadd35a1463/files/fb4380cb2085ebc34ba27f614c7245a603418843439a6c55c3ff045f2f23be79 200
[debug] [2026-06-09T19:54:02.039Z] <<< [apiv2][body] POST https://upload-firebasehosting.googleapis.com/upload/sites/shareshuffle-c7f96/versions/2429dcadd35a1463/files/fb4380cb2085ebc34ba27f614c7245a603418843439a6c55c3ff045f2f23be79 [stream]
[debug] [2026-06-09T19:54:02.039Z] <<< [apiv2][status] POST https://upload-firebasehosting.googleapis.com/upload/sites/shareshuffle-c7f96/versions/2429dcadd35a1463/files/d0767113ec5be6e2db15cbfe6b78a27ca49fa7d04a0c9576090627cfb54bfd76 200
[debug] [2026-06-09T19:54:02.039Z] <<< [apiv2][body] POST https://upload-firebasehosting.googleapis.com/upload/sites/shareshuffle-c7f96/versions/2429dcadd35a1463/files/d0767113ec5be6e2db15cbfe6b78a27ca49fa7d04a0c9576090627cfb54bfd76 [stream]
[debug] [2026-06-09T19:54:02.040Z] <<< [apiv2][status] POST https://upload-firebasehosting.googleapis.com/upload/sites/shareshuffle-c7f96/versions/2429dcadd35a1463/files/e4a5f0a961821091ff6f632df7d78ec718fca1b26a0c88a70983d2f92c8f1499 200
[debug] [2026-06-09T19:54:02.040Z] <<< [apiv2][body] POST https://upload-firebasehosting.googleapis.com/upload/sites/shareshuffle-c7f96/versions/2429dcadd35a1463/files/e4a5f0a961821091ff6f632df7d78ec718fca1b26a0c88a70983d2f92c8f1499 [stream]
[debug] [2026-06-09T19:54:02.047Z] <<< [apiv2][status] POST https://upload-firebasehosting.googleapis.com/upload/sites/shareshuffle-c7f96/versions/2429dcadd35a1463/files/4f04cd63e7b3c8a9ebe2c2824ea85f99b4994f42d2640ffaa0d799bd3241bb44 200
[debug] [2026-06-09T19:54:02.047Z] <<< [apiv2][body] POST https://upload-firebasehosting.googleapis.com/upload/sites/shareshuffle-c7f96/versions/2429dcadd35a1463/files/4f04cd63e7b3c8a9ebe2c2824ea85f99b4994f42d2640ffaa0d799bd3241bb44 [stream]
[debug] [2026-06-09T19:54:02.047Z] <<< [apiv2][status] POST https://upload-firebasehosting.googleapis.com/upload/sites/shareshuffle-c7f96/versions/2429dcadd35a1463/files/94e2084b65516b143ca263b566a49a5d41edd7382b675453e16592080407437f 200
[debug] [2026-06-09T19:54:02.047Z] <<< [apiv2][body] POST https://upload-firebasehosting.googleapis.com/upload/sites/shareshuffle-c7f96/versions/2429dcadd35a1463/files/94e2084b65516b143ca263b566a49a5d41edd7382b675453e16592080407437f [stream]
[debug] [2026-06-09T19:54:02.048Z] <<< [apiv2][status] POST https://upload-firebasehosting.googleapis.com/upload/sites/shareshuffle-c7f96/versions/2429dcadd35a1463/files/f100e07fddd45fed18d57ca85e5ce0c1f05a2d30a29c0432c9011a5cf8b25308 200
[debug] [2026-06-09T19:54:02.048Z] <<< [apiv2][body] POST https://upload-firebasehosting.googleapis.com/upload/sites/shareshuffle-c7f96/versions/2429dcadd35a1463/files/f100e07fddd45fed18d57ca85e5ce0c1f05a2d30a29c0432c9011a5cf8b25308 [stream]
[debug] [2026-06-09T19:54:02.056Z] <<< [apiv2][status] POST https://upload-firebasehosting.googleapis.com/upload/sites/shareshuffle-c7f96/versions/2429dcadd35a1463/files/f3725103e51603b2b253b52f5bd315725a9f614e341af492d2724f74d8429603 200
[debug] [2026-06-09T19:54:02.056Z] <<< [apiv2][body] POST https://upload-firebasehosting.googleapis.com/upload/sites/shareshuffle-c7f96/versions/2429dcadd35a1463/files/f3725103e51603b2b253b52f5bd315725a9f614e341af492d2724f74d8429603 [stream]
[debug] [2026-06-09T19:54:02.057Z] <<< [apiv2][status] POST https://upload-firebasehosting.googleapis.com/upload/sites/shareshuffle-c7f96/versions/2429dcadd35a1463/files/2d5b63bccaa04c06503693498e71666a4bfd72341a5f3b26aaf6c5397390f784 200
[debug] [2026-06-09T19:54:02.057Z] <<< [apiv2][body] POST https://upload-firebasehosting.googleapis.com/upload/sites/shareshuffle-c7f96/versions/2429dcadd35a1463/files/2d5b63bccaa04c06503693498e71666a4bfd72341a5f3b26aaf6c5397390f784 [stream]
[debug] [2026-06-09T19:54:02.057Z] <<< [apiv2][status] POST https://upload-firebasehosting.googleapis.com/upload/sites/shareshuffle-c7f96/versions/2429dcadd35a1463/files/7c721ff38f4696c39b5850d13e5c9b0d006439040beb3cdff3f668798a2a4eee 200
[debug] [2026-06-09T19:54:02.057Z] <<< [apiv2][body] POST https://upload-firebasehosting.googleapis.com/upload/sites/shareshuffle-c7f96/versions/2429dcadd35a1463/files/7c721ff38f4696c39b5850d13e5c9b0d006439040beb3cdff3f668798a2a4eee [stream]
[debug] [2026-06-09T19:54:02.058Z] <<< [apiv2][status] POST https://upload-firebasehosting.googleapis.com/upload/sites/shareshuffle-c7f96/versions/2429dcadd35a1463/files/a7755a36b47891bccdca5cfcbeb34d5d5a070ffcc40c8e0c71f4849a244b1ccd 200
[debug] [2026-06-09T19:54:02.058Z] <<< [apiv2][body] POST https://upload-firebasehosting.googleapis.com/upload/sites/shareshuffle-c7f96/versions/2429dcadd35a1463/files/a7755a36b47891bccdca5cfcbeb34d5d5a070ffcc40c8e0c71f4849a244b1ccd [stream]
[debug] [2026-06-09T19:54:02.060Z] <<< [apiv2][status] POST https://upload-firebasehosting.googleapis.com/upload/sites/shareshuffle-c7f96/versions/2429dcadd35a1463/files/107074a97a6811f4ddba464d9aa6e2b10386dfd1c81b08d8701c0b442011ed95 200
[debug] [2026-06-09T19:54:02.060Z] <<< [apiv2][body] POST https://upload-firebasehosting.googleapis.com/upload/sites/shareshuffle-c7f96/versions/2429dcadd35a1463/files/107074a97a6811f4ddba464d9aa6e2b10386dfd1c81b08d8701c0b442011ed95 [stream]
[debug] [2026-06-09T19:54:02.061Z] <<< [apiv2][status] POST https://upload-firebasehosting.googleapis.com/upload/sites/shareshuffle-c7f96/versions/2429dcadd35a1463/files/ac7325837b2e9aceef416e3681a970649e07323b3bedf66577b14e7da30115ba 200
[debug] [2026-06-09T19:54:02.061Z] <<< [apiv2][body] POST https://upload-firebasehosting.googleapis.com/upload/sites/shareshuffle-c7f96/versions/2429dcadd35a1463/files/ac7325837b2e9aceef416e3681a970649e07323b3bedf66577b14e7da30115ba [stream]
[debug] [2026-06-09T19:54:02.065Z] <<< [apiv2][status] POST https://upload-firebasehosting.googleapis.com/upload/sites/shareshuffle-c7f96/versions/2429dcadd35a1463/files/28f840df70cdd871b2ac50c0683fcb0dc82bf969aa167599aa95b010c93b6d35 200
[debug] [2026-06-09T19:54:02.065Z] <<< [apiv2][body] POST https://upload-firebasehosting.googleapis.com/upload/sites/shareshuffle-c7f96/versions/2429dcadd35a1463/files/28f840df70cdd871b2ac50c0683fcb0dc82bf969aa167599aa95b010c93b6d35 [stream]
[debug] [2026-06-09T19:54:02.070Z] <<< [apiv2][status] POST https://upload-firebasehosting.googleapis.com/upload/sites/shareshuffle-c7f96/versions/2429dcadd35a1463/files/3be2c8a78039f8adbf55ce824126a835f19234a9171d605e5dc3e75103fc96ee 200
[debug] [2026-06-09T19:54:02.070Z] <<< [apiv2][body] POST https://upload-firebasehosting.googleapis.com/upload/sites/shareshuffle-c7f96/versions/2429dcadd35a1463/files/3be2c8a78039f8adbf55ce824126a835f19234a9171d605e5dc3e75103fc96ee [stream]
[debug] [2026-06-09T19:54:02.079Z] <<< [apiv2][status] POST https://upload-firebasehosting.googleapis.com/upload/sites/shareshuffle-c7f96/versions/2429dcadd35a1463/files/a96562627601a3b0361d786fca7267fcff81b43a9a974dda00bb40d940353f71 200
[debug] [2026-06-09T19:54:02.080Z] <<< [apiv2][body] POST https://upload-firebasehosting.googleapis.com/upload/sites/shareshuffle-c7f96/versions/2429dcadd35a1463/files/a96562627601a3b0361d786fca7267fcff81b43a9a974dda00bb40d940353f71 [stream]
[debug] [2026-06-09T19:54:02.084Z] <<< [apiv2][status] POST https://upload-firebasehosting.googleapis.com/upload/sites/shareshuffle-c7f96/versions/2429dcadd35a1463/files/e342aa89283650e140f9eba058e3abb101c33cc1aea925b433d72d6af24d5adc 200
[debug] [2026-06-09T19:54:02.084Z] <<< [apiv2][body] POST https://upload-firebasehosting.googleapis.com/upload/sites/shareshuffle-c7f96/versions/2429dcadd35a1463/files/e342aa89283650e140f9eba058e3abb101c33cc1aea925b433d72d6af24d5adc [stream]
[debug] [2026-06-09T19:54:02.085Z] <<< [apiv2][status] POST https://upload-firebasehosting.googleapis.com/upload/sites/shareshuffle-c7f96/versions/2429dcadd35a1463/files/27efefdeb128dd297f3a322f97d23ade433908323bd47d383b4e6fa4c19bf85c 200
[debug] [2026-06-09T19:54:02.085Z] <<< [apiv2][body] POST https://upload-firebasehosting.googleapis.com/upload/sites/shareshuffle-c7f96/versions/2429dcadd35a1463/files/27efefdeb128dd297f3a322f97d23ade433908323bd47d383b4e6fa4c19bf85c [stream]
[debug] [2026-06-09T19:54:02.085Z] <<< [apiv2][status] POST https://upload-firebasehosting.googleapis.com/upload/sites/shareshuffle-c7f96/versions/2429dcadd35a1463/files/715adf69c5ee548925e317e0f5ac40436c867968162311a74bb7d2ac06ead711 200
[debug] [2026-06-09T19:54:02.085Z] <<< [apiv2][body] POST https://upload-firebasehosting.googleapis.com/upload/sites/shareshuffle-c7f96/versions/2429dcadd35a1463/files/715adf69c5ee548925e317e0f5ac40436c867968162311a74bb7d2ac06ead711 [stream]
[debug] [2026-06-09T19:54:02.086Z] <<< [apiv2][status] POST https://upload-firebasehosting.googleapis.com/upload/sites/shareshuffle-c7f96/versions/2429dcadd35a1463/files/dbd31568f6d72b7e474c43241f0814bbfe31d2aa5d3c7ab9f720ed75e651b089 200
[debug] [2026-06-09T19:54:02.086Z] <<< [apiv2][body] POST https://upload-firebasehosting.googleapis.com/upload/sites/shareshuffle-c7f96/versions/2429dcadd35a1463/files/dbd31568f6d72b7e474c43241f0814bbfe31d2aa5d3c7ab9f720ed75e651b089 [stream]
[debug] [2026-06-09T19:54:02.088Z] <<< [apiv2][status] POST https://upload-firebasehosting.googleapis.com/upload/sites/shareshuffle-c7f96/versions/2429dcadd35a1463/files/834be2d0d6cd18f13528e86b4c96fee98f671bc462e737c5dd144edcae5ab670 200
[debug] [2026-06-09T19:54:02.088Z] <<< [apiv2][body] POST https://upload-firebasehosting.googleapis.com/upload/sites/shareshuffle-c7f96/versions/2429dcadd35a1463/files/834be2d0d6cd18f13528e86b4c96fee98f671bc462e737c5dd144edcae5ab670 [stream]
[debug] [2026-06-09T19:54:02.091Z] <<< [apiv2][status] POST https://upload-firebasehosting.googleapis.com/upload/sites/shareshuffle-c7f96/versions/2429dcadd35a1463/files/3a726de00bea4252a6d569c610a0c527015e5478c49b4b280341a85399f3daa5 200
[debug] [2026-06-09T19:54:02.091Z] <<< [apiv2][body] POST https://upload-firebasehosting.googleapis.com/upload/sites/shareshuffle-c7f96/versions/2429dcadd35a1463/files/3a726de00bea4252a6d569c610a0c527015e5478c49b4b280341a85399f3daa5 [stream]
[debug] [2026-06-09T19:54:02.099Z] <<< [apiv2][status] POST https://upload-firebasehosting.googleapis.com/upload/sites/shareshuffle-c7f96/versions/2429dcadd35a1463/files/9f81c08930493677ad1ac2b198a0ae3f4d3b017a2f86cea2ef1678b472dab015 200
[debug] [2026-06-09T19:54:02.099Z] <<< [apiv2][body] POST https://upload-firebasehosting.googleapis.com/upload/sites/shareshuffle-c7f96/versions/2429dcadd35a1463/files/9f81c08930493677ad1ac2b198a0ae3f4d3b017a2f86cea2ef1678b472dab015 [stream]
[debug] [2026-06-09T19:54:02.101Z] <<< [apiv2][status] POST https://upload-firebasehosting.googleapis.com/upload/sites/shareshuffle-c7f96/versions/2429dcadd35a1463/files/bf21e58d08f9465f43718b4b7c98742f19db1eb85c10a03c0ef12b9cfe132606 200
[debug] [2026-06-09T19:54:02.101Z] <<< [apiv2][body] POST https://upload-firebasehosting.googleapis.com/upload/sites/shareshuffle-c7f96/versions/2429dcadd35a1463/files/bf21e58d08f9465f43718b4b7c98742f19db1eb85c10a03c0ef12b9cfe132606 [stream]
[debug] [2026-06-09T19:54:02.103Z] <<< [apiv2][status] POST https://upload-firebasehosting.googleapis.com/upload/sites/shareshuffle-c7f96/versions/2429dcadd35a1463/files/c5632ae188cab39f434c98e55af483282c5310a7753812ea5c9d3956cef17a64 200
[debug] [2026-06-09T19:54:02.103Z] <<< [apiv2][body] POST https://upload-firebasehosting.googleapis.com/upload/sites/shareshuffle-c7f96/versions/2429dcadd35a1463/files/c5632ae188cab39f434c98e55af483282c5310a7753812ea5c9d3956cef17a64 [stream]
[debug] [2026-06-09T19:54:02.103Z] <<< [apiv2][status] POST https://upload-firebasehosting.googleapis.com/upload/sites/shareshuffle-c7f96/versions/2429dcadd35a1463/files/b1ff235bd9b5f10d54e0886a714863d925ec848761f240b5a2b67922ddf7ceec 200
[debug] [2026-06-09T19:54:02.103Z] <<< [apiv2][body] POST https://upload-firebasehosting.googleapis.com/upload/sites/shareshuffle-c7f96/versions/2429dcadd35a1463/files/b1ff235bd9b5f10d54e0886a714863d925ec848761f240b5a2b67922ddf7ceec [stream]
[debug] [2026-06-09T19:54:02.103Z] <<< [apiv2][status] POST https://upload-firebasehosting.googleapis.com/upload/sites/shareshuffle-c7f96/versions/2429dcadd35a1463/files/651e7c00b9e958d89f87684e5b519e9ae465c1bdb1746abd29c7222214d926db 200
[debug] [2026-06-09T19:54:02.103Z] <<< [apiv2][body] POST https://upload-firebasehosting.googleapis.com/upload/sites/shareshuffle-c7f96/versions/2429dcadd35a1463/files/651e7c00b9e958d89f87684e5b519e9ae465c1bdb1746abd29c7222214d926db [stream]
[debug] [2026-06-09T19:54:02.107Z] <<< [apiv2][status] POST https://upload-firebasehosting.googleapis.com/upload/sites/shareshuffle-c7f96/versions/2429dcadd35a1463/files/ec93904a673e5d15752b43fcead12e310bf553163a4862e25d73d469e32a6c7e 200
[debug] [2026-06-09T19:54:02.107Z] <<< [apiv2][body] POST https://upload-firebasehosting.googleapis.com/upload/sites/shareshuffle-c7f96/versions/2429dcadd35a1463/files/ec93904a673e5d15752b43fcead12e310bf553163a4862e25d73d469e32a6c7e [stream]
[debug] [2026-06-09T19:54:02.114Z] <<< [apiv2][status] POST https://upload-firebasehosting.googleapis.com/upload/sites/shareshuffle-c7f96/versions/2429dcadd35a1463/files/8c819c68addeff3a936b00685d856d8c8f09a609e991f2c04573b07ab2a64f73 200
[debug] [2026-06-09T19:54:02.114Z] <<< [apiv2][body] POST https://upload-firebasehosting.googleapis.com/upload/sites/shareshuffle-c7f96/versions/2429dcadd35a1463/files/8c819c68addeff3a936b00685d856d8c8f09a609e991f2c04573b07ab2a64f73 [stream]
[debug] [2026-06-09T19:54:02.115Z] <<< [apiv2][status] POST https://upload-firebasehosting.googleapis.com/upload/sites/shareshuffle-c7f96/versions/2429dcadd35a1463/files/46e094a6d80576ec05debfe5847a0ceebfdc86f2065d6a4587eddc0fea7463e2 200
[debug] [2026-06-09T19:54:02.115Z] <<< [apiv2][body] POST https://upload-firebasehosting.googleapis.com/upload/sites/shareshuffle-c7f96/versions/2429dcadd35a1463/files/46e094a6d80576ec05debfe5847a0ceebfdc86f2065d6a4587eddc0fea7463e2 [stream]
[debug] [2026-06-09T19:54:02.120Z] <<< [apiv2][status] POST https://upload-firebasehosting.googleapis.com/upload/sites/shareshuffle-c7f96/versions/2429dcadd35a1463/files/4c5753439e7c2ccfa7d89d65b374bd96c054c3c36c938dbfd8a69b93a13665ef 200
[debug] [2026-06-09T19:54:02.120Z] <<< [apiv2][body] POST https://upload-firebasehosting.googleapis.com/upload/sites/shareshuffle-c7f96/versions/2429dcadd35a1463/files/4c5753439e7c2ccfa7d89d65b374bd96c054c3c36c938dbfd8a69b93a13665ef [stream]
[debug] [2026-06-09T19:54:02.123Z] <<< [apiv2][status] POST https://upload-firebasehosting.googleapis.com/upload/sites/shareshuffle-c7f96/versions/2429dcadd35a1463/files/46d6c8002aa269a99a103ae15f1f0ada8c5a6092c529f1e03be7ae044029a311 200
[debug] [2026-06-09T19:54:02.123Z] <<< [apiv2][body] POST https://upload-firebasehosting.googleapis.com/upload/sites/shareshuffle-c7f96/versions/2429dcadd35a1463/files/46d6c8002aa269a99a103ae15f1f0ada8c5a6092c529f1e03be7ae044029a311 [stream]
[debug] [2026-06-09T19:54:02.123Z] <<< [apiv2][status] POST https://upload-firebasehosting.googleapis.com/upload/sites/shareshuffle-c7f96/versions/2429dcadd35a1463/files/011101ebc8befc894445687d8e73d1e6ef8350349b1db0c9d2e7e99d8cc786ec 200
[debug] [2026-06-09T19:54:02.124Z] <<< [apiv2][body] POST https://upload-firebasehosting.googleapis.com/upload/sites/shareshuffle-c7f96/versions/2429dcadd35a1463/files/011101ebc8befc894445687d8e73d1e6ef8350349b1db0c9d2e7e99d8cc786ec [stream]
[debug] [2026-06-09T19:54:02.137Z] <<< [apiv2][status] POST https://upload-firebasehosting.googleapis.com/upload/sites/shareshuffle-c7f96/versions/2429dcadd35a1463/files/3590d1154db74629e8c875395ac8069e2712537584b7e995cf8dce303fddaa9c 200
[debug] [2026-06-09T19:54:02.137Z] <<< [apiv2][body] POST https://upload-firebasehosting.googleapis.com/upload/sites/shareshuffle-c7f96/versions/2429dcadd35a1463/files/3590d1154db74629e8c875395ac8069e2712537584b7e995cf8dce303fddaa9c [stream]
[debug] [2026-06-09T19:54:02.139Z] <<< [apiv2][status] POST https://upload-firebasehosting.googleapis.com/upload/sites/shareshuffle-c7f96/versions/2429dcadd35a1463/files/8fe18e868d3a8dfda2d06ff1be04559f5206c8a34db6966e745c10d317129ccd 200
[debug] [2026-06-09T19:54:02.139Z] <<< [apiv2][body] POST https://upload-firebasehosting.googleapis.com/upload/sites/shareshuffle-c7f96/versions/2429dcadd35a1463/files/8fe18e868d3a8dfda2d06ff1be04559f5206c8a34db6966e745c10d317129ccd [stream]
[debug] [2026-06-09T19:54:02.151Z] <<< [apiv2][status] POST https://upload-firebasehosting.googleapis.com/upload/sites/shareshuffle-c7f96/versions/2429dcadd35a1463/files/353c5c523923555d7b1c756ec43000c9013141d1f867656163ff7589f73f33af 200
[debug] [2026-06-09T19:54:02.151Z] <<< [apiv2][body] POST https://upload-firebasehosting.googleapis.com/upload/sites/shareshuffle-c7f96/versions/2429dcadd35a1463/files/353c5c523923555d7b1c756ec43000c9013141d1f867656163ff7589f73f33af [stream]
[debug] [2026-06-09T19:54:02.154Z] <<< [apiv2][status] POST https://upload-firebasehosting.googleapis.com/upload/sites/shareshuffle-c7f96/versions/2429dcadd35a1463/files/26c9895244efb0ffdbfc6eb1128d85d02a9fa159454e1708dbb16672b02a099b 200
[debug] [2026-06-09T19:54:02.154Z] <<< [apiv2][body] POST https://upload-firebasehosting.googleapis.com/upload/sites/shareshuffle-c7f96/versions/2429dcadd35a1463/files/26c9895244efb0ffdbfc6eb1128d85d02a9fa159454e1708dbb16672b02a099b [stream]
[debug] [2026-06-09T19:54:02.159Z] <<< [apiv2][status] POST https://upload-firebasehosting.googleapis.com/upload/sites/shareshuffle-c7f96/versions/2429dcadd35a1463/files/e3175568e9ce21f1a9397e2f70f4cf94523af41a9c00885144e018918405dde9 200
[debug] [2026-06-09T19:54:02.159Z] <<< [apiv2][body] POST https://upload-firebasehosting.googleapis.com/upload/sites/shareshuffle-c7f96/versions/2429dcadd35a1463/files/e3175568e9ce21f1a9397e2f70f4cf94523af41a9c00885144e018918405dde9 [stream]
[debug] [2026-06-09T19:54:02.172Z] <<< [apiv2][status] POST https://upload-firebasehosting.googleapis.com/upload/sites/shareshuffle-c7f96/versions/2429dcadd35a1463/files/670995438efe157d37d744fa5abacd9f15c62c0192bcea6cada56d7c2c28a60c 200
[debug] [2026-06-09T19:54:02.172Z] <<< [apiv2][body] POST https://upload-firebasehosting.googleapis.com/upload/sites/shareshuffle-c7f96/versions/2429dcadd35a1463/files/670995438efe157d37d744fa5abacd9f15c62c0192bcea6cada56d7c2c28a60c [stream]
[debug] [2026-06-09T19:54:02.186Z] <<< [apiv2][status] POST https://upload-firebasehosting.googleapis.com/upload/sites/shareshuffle-c7f96/versions/2429dcadd35a1463/files/60c8f7b51dc7bf7385ec0e38a2bc6a183200115ba14f32435f681b6e95bf59da 200
[debug] [2026-06-09T19:54:02.186Z] <<< [apiv2][body] POST https://upload-firebasehosting.googleapis.com/upload/sites/shareshuffle-c7f96/versions/2429dcadd35a1463/files/60c8f7b51dc7bf7385ec0e38a2bc6a183200115ba14f32435f681b6e95bf59da [stream]
[debug] [2026-06-09T19:54:02.223Z] <<< [apiv2][status] POST https://upload-firebasehosting.googleapis.com/upload/sites/shareshuffle-c7f96/versions/2429dcadd35a1463/files/54c7c3b5d87003465888ea4deca3ada0d586d6c8d5f708cc25a3337e6056c320 200
[debug] [2026-06-09T19:54:02.223Z] <<< [apiv2][body] POST https://upload-firebasehosting.googleapis.com/upload/sites/shareshuffle-c7f96/versions/2429dcadd35a1463/files/54c7c3b5d87003465888ea4deca3ada0d586d6c8d5f708cc25a3337e6056c320 [stream]
[debug] [2026-06-09T19:54:02.225Z] <<< [apiv2][status] POST https://upload-firebasehosting.googleapis.com/upload/sites/shareshuffle-c7f96/versions/2429dcadd35a1463/files/6387f59d95ff8369ee4883f8fe042e9189fedff8ccc306c68b8bebacc3c50f5d 200
[debug] [2026-06-09T19:54:02.225Z] <<< [apiv2][body] POST https://upload-firebasehosting.googleapis.com/upload/sites/shareshuffle-c7f96/versions/2429dcadd35a1463/files/6387f59d95ff8369ee4883f8fe042e9189fedff8ccc306c68b8bebacc3c50f5d [stream]
[debug] [2026-06-09T19:54:02.231Z] <<< [apiv2][status] POST https://upload-firebasehosting.googleapis.com/upload/sites/shareshuffle-c7f96/versions/2429dcadd35a1463/files/5dc31cf89fc88b199e39f872d45daeb3f63e5e384be3f3addb955544b98396eb 200
[debug] [2026-06-09T19:54:02.231Z] <<< [apiv2][body] POST https://upload-firebasehosting.googleapis.com/upload/sites/shareshuffle-c7f96/versions/2429dcadd35a1463/files/5dc31cf89fc88b199e39f872d45daeb3f63e5e384be3f3addb955544b98396eb [stream]
[debug] [2026-06-09T19:54:02.260Z] <<< [apiv2][status] POST https://upload-firebasehosting.googleapis.com/upload/sites/shareshuffle-c7f96/versions/2429dcadd35a1463/files/be4cc5a8f913de046e3ca089c7609736b93c90c9a798fc78430f94cb686995f8 200
[debug] [2026-06-09T19:54:02.260Z] <<< [apiv2][body] POST https://upload-firebasehosting.googleapis.com/upload/sites/shareshuffle-c7f96/versions/2429dcadd35a1463/files/be4cc5a8f913de046e3ca089c7609736b93c90c9a798fc78430f94cb686995f8 [stream]
[debug] [2026-06-09T19:54:02.261Z] <<< [apiv2][status] POST https://upload-firebasehosting.googleapis.com/upload/sites/shareshuffle-c7f96/versions/2429dcadd35a1463/files/10ce66f4619094c904ca0d8e3e1b3e5460d54201c651024926f2d8bcc1862824 200
[debug] [2026-06-09T19:54:02.261Z] <<< [apiv2][body] POST https://upload-firebasehosting.googleapis.com/upload/sites/shareshuffle-c7f96/versions/2429dcadd35a1463/files/10ce66f4619094c904ca0d8e3e1b3e5460d54201c651024926f2d8bcc1862824 [stream]
[debug] [2026-06-09T19:54:02.290Z] <<< [apiv2][status] POST https://upload-firebasehosting.googleapis.com/upload/sites/shareshuffle-c7f96/versions/2429dcadd35a1463/files/a387a4c17b6672415af70d557f2ab46b9140fdf10af90706399d1ce64457d643 200
[debug] [2026-06-09T19:54:02.290Z] <<< [apiv2][body] POST https://upload-firebasehosting.googleapis.com/upload/sites/shareshuffle-c7f96/versions/2429dcadd35a1463/files/a387a4c17b6672415af70d557f2ab46b9140fdf10af90706399d1ce64457d643 [stream]
[debug] [2026-06-09T19:54:02.303Z] <<< [apiv2][status] POST https://upload-firebasehosting.googleapis.com/upload/sites/shareshuffle-c7f96/versions/2429dcadd35a1463/files/caebda5f621d19d728555a2cef88fac37040e2558e43f86ff43f03717de1f906 200
[debug] [2026-06-09T19:54:02.303Z] <<< [apiv2][body] POST https://upload-firebasehosting.googleapis.com/upload/sites/shareshuffle-c7f96/versions/2429dcadd35a1463/files/caebda5f621d19d728555a2cef88fac37040e2558e43f86ff43f03717de1f906 [stream]
[debug] [2026-06-09T19:54:02.316Z] <<< [apiv2][status] POST https://upload-firebasehosting.googleapis.com/upload/sites/shareshuffle-c7f96/versions/2429dcadd35a1463/files/c81b955942a8d9e3b598c524c06f72636abb38668a11193134a51c31b7b3e624 200
[debug] [2026-06-09T19:54:02.316Z] <<< [apiv2][body] POST https://upload-firebasehosting.googleapis.com/upload/sites/shareshuffle-c7f96/versions/2429dcadd35a1463/files/c81b955942a8d9e3b598c524c06f72636abb38668a11193134a51c31b7b3e624 [stream]
[debug] [2026-06-09T19:54:02.378Z] <<< [apiv2][status] POST https://upload-firebasehosting.googleapis.com/upload/sites/shareshuffle-c7f96/versions/2429dcadd35a1463/files/2631ec106ad14d1b54b0760a415040b77a2a66d95517cd2f26c5ed2d992b984a 200
[debug] [2026-06-09T19:54:02.378Z] <<< [apiv2][body] POST https://upload-firebasehosting.googleapis.com/upload/sites/shareshuffle-c7f96/versions/2429dcadd35a1463/files/2631ec106ad14d1b54b0760a415040b77a2a66d95517cd2f26c5ed2d992b984a [stream]
[debug] [2026-06-09T19:54:02.384Z] <<< [apiv2][status] POST https://upload-firebasehosting.googleapis.com/upload/sites/shareshuffle-c7f96/versions/2429dcadd35a1463/files/04fc7d8a07b054817f842c421ff17d054bdc185a4003de465f5c6232bbe0d930 200
[debug] [2026-06-09T19:54:02.384Z] <<< [apiv2][body] POST https://upload-firebasehosting.googleapis.com/upload/sites/shareshuffle-c7f96/versions/2429dcadd35a1463/files/04fc7d8a07b054817f842c421ff17d054bdc185a4003de465f5c6232bbe0d930 [stream]
[debug] [2026-06-09T19:54:02.412Z] <<< [apiv2][status] POST https://upload-firebasehosting.googleapis.com/upload/sites/shareshuffle-c7f96/versions/2429dcadd35a1463/files/991694224ad14161513d58f3d10371353f3a95e52c06e5b909ae0be738cc066a 200
[debug] [2026-06-09T19:54:02.412Z] <<< [apiv2][body] POST https://upload-firebasehosting.googleapis.com/upload/sites/shareshuffle-c7f96/versions/2429dcadd35a1463/files/991694224ad14161513d58f3d10371353f3a95e52c06e5b909ae0be738cc066a [stream]
[debug] [2026-06-09T19:54:02.438Z] <<< [apiv2][status] POST https://upload-firebasehosting.googleapis.com/upload/sites/shareshuffle-c7f96/versions/2429dcadd35a1463/files/5b337262d8c7ecb64b404e8338a77fa1575204d7d44f9cda7083082e175e6e84 200
[debug] [2026-06-09T19:54:02.438Z] <<< [apiv2][body] POST https://upload-firebasehosting.googleapis.com/upload/sites/shareshuffle-c7f96/versions/2429dcadd35a1463/files/5b337262d8c7ecb64b404e8338a77fa1575204d7d44f9cda7083082e175e6e84 [stream]
[debug] [2026-06-09T19:54:03.929Z] <<< [apiv2][status] POST https://upload-firebasehosting.googleapis.com/upload/sites/shareshuffle-c7f96/versions/2429dcadd35a1463/files/99f893ccc18656cc3c921e2bb271d27c6432d81d1572c77301cbae7175edd2c1 200
[debug] [2026-06-09T19:54:03.929Z] <<< [apiv2][body] POST https://upload-firebasehosting.googleapis.com/upload/sites/shareshuffle-c7f96/versions/2429dcadd35a1463/files/99f893ccc18656cc3c921e2bb271d27c6432d81d1572c77301cbae7175edd2c1 [stream]
[debug] [2026-06-09T19:54:06.684Z] <<< [apiv2][status] POST https://upload-firebasehosting.googleapis.com/upload/sites/shareshuffle-c7f96/versions/2429dcadd35a1463/files/8123d82af9d83550a8d2459d40a35b4dd8cbac568e85d71be27b0e28918b08c5 200
[debug] [2026-06-09T19:54:06.684Z] <<< [apiv2][body] POST https://upload-firebasehosting.googleapis.com/upload/sites/shareshuffle-c7f96/versions/2429dcadd35a1463/files/8123d82af9d83550a8d2459d40a35b4dd8cbac568e85d71be27b0e28918b08c5 [stream]
[debug] [2026-06-09T19:54:06.684Z] [hosting][upload queue][FINAL] {"max":5902,"min":831,"avg":1192.8612716763007,"active":0,"complete":173,"success":173,"errored":0,"retried":0,"total":173,"elapsed":5932}
[info] ✔  hosting[shareshuffle-c7f96]: file upload complete 
[debug] [2026-06-09T19:54:06.686Z] [hosting] deploy completed after 8734ms
[info] i  functions: creating Node.js 20 (2nd Gen) function getPreview(us-central1)... 
[debug] [2026-06-09T19:54:06.689Z] Checked if tokens are valid: true, expires at: 1781036251126
[debug] [2026-06-09T19:54:06.689Z] Checked if tokens are valid: true, expires at: 1781036251126
[debug] [2026-06-09T19:54:06.690Z] >>> [apiv2][query] POST https://cloudfunctions.googleapis.com/v2/projects/shareshuffle-c7f96/locations/us-central1/functions functionId=getPreview
[debug] [2026-06-09T19:54:06.690Z] >>> [apiv2][body] POST https://cloudfunctions.googleapis.com/v2/projects/shareshuffle-c7f96/locations/us-central1/functions {"name":"projects/shareshuffle-c7f96/locations/us-central1/functions/getPreview","buildConfig":{"runtime":"nodejs20","entryPoint":"getPreview","source":{"storageSource":{"bucket":"gcf-v2-uploads-507028011652.us-central1.cloudfunctions.appspot.com","object":"388cb2b9-65c4-49c0-90ef-b4d74e6589c4.zip"}},"environmentVariables":{"GOOGLE_NODE_RUN_SCRIPTS":""}},"serviceConfig":{"environmentVariables":{"FIREBASE_CONFIG":"{\"projectId\":\"shareshuffle-c7f96\",\"storageBucket\":\"shareshuffle-c7f96.firebasestorage.app\"}","GCLOUD_PROJECT":"shareshuffle-c7f96","EVENTARC_CLOUD_EVENT_SOURCE":"projects/shareshuffle-c7f96/locations/us-central1/services/getPreview","FUNCTION_TARGET":"getPreview","LOG_EXECUTION_ID":"true"},"ingressSettings":null,"timeoutSeconds":10,"serviceAccountEmail":null,"availableMemory":"256Mi","minInstanceCount":null,"maxInstanceCount":null,"maxInstanceRequestConcurrency":80,"availableCpu":"1","vpcConnector":null,"vpcConnectorEgressSettings":null,"directVpcNetworkInterface":null,"directVpcEgress":null},"labels":{"deployment-tool":"cli-firebase","firebase-functions-hash":"df3cd0dbe52d24197f04916e1abf8e6b85b74bd5"}}
[debug] [2026-06-09T19:54:08.057Z] <<< [apiv2][status] POST https://cloudfunctions.googleapis.com/v2/projects/shareshuffle-c7f96/locations/us-central1/functions 200
[debug] [2026-06-09T19:54:08.057Z] <<< [apiv2][body] POST https://cloudfunctions.googleapis.com/v2/projects/shareshuffle-c7f96/locations/us-central1/functions {"name":"projects/shareshuffle-c7f96/locations/us-central1/operations/operation-1781034847074-653d77d6479f4-d145f383-cfd50d0a","metadata":{"@type":"type.googleapis.com/google.cloud.functions.v2.OperationMetadata","createTime":"2026-06-09T19:54:08.162151055Z","target":"projects/shareshuffle-c7f96/locations/us-central1/functions/getPreview","verb":"create","cancelRequested":false,"apiVersion":"v2"},"done":false}
[debug] [2026-06-09T19:54:08.057Z] Checked if tokens are valid: true, expires at: 1781036251126
[debug] [2026-06-09T19:54:08.057Z] Checked if tokens are valid: true, expires at: 1781036251126
[debug] [2026-06-09T19:54:08.057Z] >>> [apiv2][query] GET https://cloudfunctions.googleapis.com/v2/projects/shareshuffle-c7f96/locations/us-central1/operations/operation-1781034847074-653d77d6479f4-d145f383-cfd50d0a [none]
[debug] [2026-06-09T19:54:08.253Z] <<< [apiv2][status] GET https://cloudfunctions.googleapis.com/v2/projects/shareshuffle-c7f96/locations/us-central1/operations/operation-1781034847074-653d77d6479f4-d145f383-cfd50d0a 200
[debug] [2026-06-09T19:54:08.253Z] <<< [apiv2][body] GET https://cloudfunctions.googleapis.com/v2/projects/shareshuffle-c7f96/locations/us-central1/operations/operation-1781034847074-653d77d6479f4-d145f383-cfd50d0a {"name":"projects/shareshuffle-c7f96/locations/us-central1/operations/operation-1781034847074-653d77d6479f4-d145f383-cfd50d0a","metadata":{"@type":"type.googleapis.com/google.cloud.functions.v2.OperationMetadata","createTime":"2026-06-09T19:54:08.162151055Z","target":"projects/shareshuffle-c7f96/locations/us-central1/functions/getPreview","verb":"create","cancelRequested":false,"apiVersion":"v2"},"done":false}
[debug] [2026-06-09T19:54:08.754Z] [create-default-us-central1-getPreview] Retrying task index 0
[debug] [2026-06-09T19:54:08.754Z] Checked if tokens are valid: true, expires at: 1781036251126
[debug] [2026-06-09T19:54:08.754Z] Checked if tokens are valid: true, expires at: 1781036251126
[debug] [2026-06-09T19:54:08.754Z] >>> [apiv2][query] GET https://cloudfunctions.googleapis.com/v2/projects/shareshuffle-c7f96/locations/us-central1/operations/operation-1781034847074-653d77d6479f4-d145f383-cfd50d0a [none]
[debug] [2026-06-09T19:54:08.933Z] <<< [apiv2][status] GET https://cloudfunctions.googleapis.com/v2/projects/shareshuffle-c7f96/locations/us-central1/operations/operation-1781034847074-653d77d6479f4-d145f383-cfd50d0a 200
[debug] [2026-06-09T19:54:08.933Z] <<< [apiv2][body] GET https://cloudfunctions.googleapis.com/v2/projects/shareshuffle-c7f96/locations/us-central1/operations/operation-1781034847074-653d77d6479f4-d145f383-cfd50d0a {"name":"projects/shareshuffle-c7f96/locations/us-central1/operations/operation-1781034847074-653d77d6479f4-d145f383-cfd50d0a","metadata":{"@type":"type.googleapis.com/google.cloud.functions.v2.OperationMetadata","createTime":"2026-06-09T19:54:08.162151055Z","target":"projects/shareshuffle-c7f96/locations/us-central1/functions/getPreview","verb":"create","cancelRequested":false,"apiVersion":"v2","requestResource":{"@type":"type.googleapis.com/google.cloud.functions.v2.Function","name":"projects/shareshuffle-c7f96/locations/us-central1/functions/getPreview","buildConfig":{"runtime":"nodejs20","entryPoint":"getPreview","source":{"storageSource":{"bucket":"gcf-v2-sources-507028011652-us-central1","object":"getPreview/function-source.zip","generation":"1781034847830522"}},"environmentVariables":{"GOOGLE_NODE_RUN_SCRIPTS":""},"serviceAccount":"projects/shareshuffle-c7f96/serviceAccounts/507028011652-compute@developer.gserviceaccount.com","automaticUpdatePolicy":{}},"serviceConfig":{"service":"projects/shareshuffle-c7f96/locations/us-central1/services/getpreview","timeoutSeconds":10,"environmentVariables":{"FIREBASE_CONFIG":"{\"projectId\":\"shareshuffle-c7f96\",\"storageBucket\":\"shareshuffle-c7f96.firebasestorage.app\"}","GCLOUD_PROJECT":"shareshuffle-c7f96","EVENTARC_CLOUD_EVENT_SOURCE":"projects/shareshuffle-c7f96/locations/us-central1/services/getPreview","FUNCTION_TARGET":"getPreview","LOG_EXECUTION_ID":"true"},"ingressSettings":"ALLOW_ALL","serviceAccountEmail":"507028011652-compute@developer.gserviceaccount.com","availableMemory":"256Mi","maxInstanceRequestConcurrency":80,"availableCpu":"1"},"labels":{"deployment-tool":"cli-firebase","firebase-functions-hash":"df3cd0dbe52d24197f04916e1abf8e6b85b74bd5"},"environment":"GEN_2"},"stages":[{"name":"BUILD","state":"NOT_STARTED","stateMessages":[{"severity":"WARNING","type":"BuildAnalysisWarning","message":"Node.js 20 is no longer supported by the Node.js community as of 30 April, 2026. Runtime nodejs20 is currently deprecated for Cloud Functions. We recommend you to upgrade to the latest version of Node.js as soon as possible."}]},{"name":"SERVICE","state":"NOT_STARTED"}],"operationType":"CREATE_FUNCTION"},"done":false}
[debug] [2026-06-09T19:54:09.933Z] [create-default-us-central1-getPreview] Retrying task index 0
[debug] [2026-06-09T19:54:09.934Z] Checked if tokens are valid: true, expires at: 1781036251126
[debug] [2026-06-09T19:54:09.934Z] Checked if tokens are valid: true, expires at: 1781036251126
[debug] [2026-06-09T19:54:09.934Z] >>> [apiv2][query] GET https://cloudfunctions.googleapis.com/v2/projects/shareshuffle-c7f96/locations/us-central1/operations/operation-1781034847074-653d77d6479f4-d145f383-cfd50d0a [none]
[debug] [2026-06-09T19:54:10.096Z] <<< [apiv2][status] GET https://cloudfunctions.googleapis.com/v2/projects/shareshuffle-c7f96/locations/us-central1/operations/operation-1781034847074-653d77d6479f4-d145f383-cfd50d0a 200
[debug] [2026-06-09T19:54:10.096Z] <<< [apiv2][body] GET https://cloudfunctions.googleapis.com/v2/projects/shareshuffle-c7f96/locations/us-central1/operations/operation-1781034847074-653d77d6479f4-d145f383-cfd50d0a {"name":"projects/shareshuffle-c7f96/locations/us-central1/operations/operation-1781034847074-653d77d6479f4-d145f383-cfd50d0a","metadata":{"@type":"type.googleapis.com/google.cloud.functions.v2.OperationMetadata","createTime":"2026-06-09T19:54:08.162151055Z","target":"projects/shareshuffle-c7f96/locations/us-central1/functions/getPreview","verb":"create","cancelRequested":false,"apiVersion":"v2","requestResource":{"@type":"type.googleapis.com/google.cloud.functions.v2.Function","name":"projects/shareshuffle-c7f96/locations/us-central1/functions/getPreview","buildConfig":{"runtime":"nodejs20","entryPoint":"getPreview","source":{"storageSource":{"bucket":"gcf-v2-sources-507028011652-us-central1","object":"getPreview/function-source.zip","generation":"1781034847830522"}},"environmentVariables":{"GOOGLE_NODE_RUN_SCRIPTS":""},"serviceAccount":"projects/shareshuffle-c7f96/serviceAccounts/507028011652-compute@developer.gserviceaccount.com","automaticUpdatePolicy":{}},"serviceConfig":{"service":"projects/shareshuffle-c7f96/locations/us-central1/services/getpreview","timeoutSeconds":10,"environmentVariables":{"FIREBASE_CONFIG":"{\"projectId\":\"shareshuffle-c7f96\",\"storageBucket\":\"shareshuffle-c7f96.firebasestorage.app\"}","GCLOUD_PROJECT":"shareshuffle-c7f96","EVENTARC_CLOUD_EVENT_SOURCE":"projects/shareshuffle-c7f96/locations/us-central1/services/getPreview","FUNCTION_TARGET":"getPreview","LOG_EXECUTION_ID":"true"},"ingressSettings":"ALLOW_ALL","serviceAccountEmail":"507028011652-compute@developer.gserviceaccount.com","availableMemory":"256Mi","maxInstanceRequestConcurrency":80,"availableCpu":"1"},"labels":{"deployment-tool":"cli-firebase","firebase-functions-hash":"df3cd0dbe52d24197f04916e1abf8e6b85b74bd5"},"environment":"GEN_2"},"stages":[{"name":"BUILD","state":"NOT_STARTED","stateMessages":[{"severity":"WARNING","type":"BuildAnalysisWarning","message":"Node.js 20 is no longer supported by the Node.js community as of 30 April, 2026. Runtime nodejs20 is currently deprecated for Cloud Functions. We recommend you to upgrade to the latest version of Node.js as soon as possible."}]},{"name":"SERVICE","state":"NOT_STARTED"}],"operationType":"CREATE_FUNCTION"},"done":false}
[debug] [2026-06-09T19:54:12.096Z] [create-default-us-central1-getPreview] Retrying task index 0
[debug] [2026-06-09T19:54:12.097Z] Checked if tokens are valid: true, expires at: 1781036251126
[debug] [2026-06-09T19:54:12.097Z] Checked if tokens are valid: true, expires at: 1781036251126
[debug] [2026-06-09T19:54:12.097Z] >>> [apiv2][query] GET https://cloudfunctions.googleapis.com/v2/projects/shareshuffle-c7f96/locations/us-central1/operations/operation-1781034847074-653d77d6479f4-d145f383-cfd50d0a [none]
[debug] [2026-06-09T19:54:12.226Z] <<< [apiv2][status] GET https://cloudfunctions.googleapis.com/v2/projects/shareshuffle-c7f96/locations/us-central1/operations/operation-1781034847074-653d77d6479f4-d145f383-cfd50d0a 200
[debug] [2026-06-09T19:54:12.226Z] <<< [apiv2][body] GET https://cloudfunctions.googleapis.com/v2/projects/shareshuffle-c7f96/locations/us-central1/operations/operation-1781034847074-653d77d6479f4-d145f383-cfd50d0a {"name":"projects/shareshuffle-c7f96/locations/us-central1/operations/operation-1781034847074-653d77d6479f4-d145f383-cfd50d0a","metadata":{"@type":"type.googleapis.com/google.cloud.functions.v2.OperationMetadata","createTime":"2026-06-09T19:54:08.162151055Z","target":"projects/shareshuffle-c7f96/locations/us-central1/functions/getPreview","verb":"create","cancelRequested":false,"apiVersion":"v2","requestResource":{"@type":"type.googleapis.com/google.cloud.functions.v2.Function","name":"projects/shareshuffle-c7f96/locations/us-central1/functions/getPreview","buildConfig":{"runtime":"nodejs20","entryPoint":"getPreview","source":{"storageSource":{"bucket":"gcf-v2-sources-507028011652-us-central1","object":"getPreview/function-source.zip","generation":"1781034847830522"}},"environmentVariables":{"GOOGLE_NODE_RUN_SCRIPTS":""},"serviceAccount":"projects/shareshuffle-c7f96/serviceAccounts/507028011652-compute@developer.gserviceaccount.com","automaticUpdatePolicy":{}},"serviceConfig":{"service":"projects/shareshuffle-c7f96/locations/us-central1/services/getpreview","timeoutSeconds":10,"environmentVariables":{"FIREBASE_CONFIG":"{\"projectId\":\"shareshuffle-c7f96\",\"storageBucket\":\"shareshuffle-c7f96.firebasestorage.app\"}","GCLOUD_PROJECT":"shareshuffle-c7f96","EVENTARC_CLOUD_EVENT_SOURCE":"projects/shareshuffle-c7f96/locations/us-central1/services/getPreview","FUNCTION_TARGET":"getPreview","LOG_EXECUTION_ID":"true"},"ingressSettings":"ALLOW_ALL","serviceAccountEmail":"507028011652-compute@developer.gserviceaccount.com","availableMemory":"256Mi","maxInstanceRequestConcurrency":80,"availableCpu":"1"},"labels":{"deployment-tool":"cli-firebase","firebase-functions-hash":"df3cd0dbe52d24197f04916e1abf8e6b85b74bd5"},"environment":"GEN_2"},"stages":[{"name":"BUILD","state":"NOT_STARTED","stateMessages":[{"severity":"WARNING","type":"BuildAnalysisWarning","message":"Node.js 20 is no longer supported by the Node.js community as of 30 April, 2026. Runtime nodejs20 is currently deprecated for Cloud Functions. We recommend you to upgrade to the latest version of Node.js as soon as possible."}]},{"name":"SERVICE","state":"NOT_STARTED"}],"operationType":"CREATE_FUNCTION"},"done":false}
[debug] [2026-06-09T19:54:16.227Z] [create-default-us-central1-getPreview] Retrying task index 0
[debug] [2026-06-09T19:54:16.227Z] Checked if tokens are valid: true, expires at: 1781036251126
[debug] [2026-06-09T19:54:16.227Z] Checked if tokens are valid: true, expires at: 1781036251126
[debug] [2026-06-09T19:54:16.228Z] >>> [apiv2][query] GET https://cloudfunctions.googleapis.com/v2/projects/shareshuffle-c7f96/locations/us-central1/operations/operation-1781034847074-653d77d6479f4-d145f383-cfd50d0a [none]
[debug] [2026-06-09T19:54:16.310Z] <<< [apiv2][status] GET https://cloudfunctions.googleapis.com/v2/projects/shareshuffle-c7f96/locations/us-central1/operations/operation-1781034847074-653d77d6479f4-d145f383-cfd50d0a 200
[debug] [2026-06-09T19:54:16.310Z] <<< [apiv2][body] GET https://cloudfunctions.googleapis.com/v2/projects/shareshuffle-c7f96/locations/us-central1/operations/operation-1781034847074-653d77d6479f4-d145f383-cfd50d0a {"name":"projects/shareshuffle-c7f96/locations/us-central1/operations/operation-1781034847074-653d77d6479f4-d145f383-cfd50d0a","metadata":{"@type":"type.googleapis.com/google.cloud.functions.v2.OperationMetadata","createTime":"2026-06-09T19:54:08.162151055Z","target":"projects/shareshuffle-c7f96/locations/us-central1/functions/getPreview","verb":"create","cancelRequested":false,"apiVersion":"v2","requestResource":{"@type":"type.googleapis.com/google.cloud.functions.v2.Function","name":"projects/shareshuffle-c7f96/locations/us-central1/functions/getPreview","buildConfig":{"runtime":"nodejs20","entryPoint":"getPreview","source":{"storageSource":{"bucket":"gcf-v2-sources-507028011652-us-central1","object":"getPreview/function-source.zip","generation":"1781034847830522"}},"environmentVariables":{"GOOGLE_NODE_RUN_SCRIPTS":""},"serviceAccount":"projects/shareshuffle-c7f96/serviceAccounts/507028011652-compute@developer.gserviceaccount.com","automaticUpdatePolicy":{}},"serviceConfig":{"service":"projects/shareshuffle-c7f96/locations/us-central1/services/getpreview","timeoutSeconds":10,"environmentVariables":{"FIREBASE_CONFIG":"{\"projectId\":\"shareshuffle-c7f96\",\"storageBucket\":\"shareshuffle-c7f96.firebasestorage.app\"}","GCLOUD_PROJECT":"shareshuffle-c7f96","EVENTARC_CLOUD_EVENT_SOURCE":"projects/shareshuffle-c7f96/locations/us-central1/services/getPreview","FUNCTION_TARGET":"getPreview","LOG_EXECUTION_ID":"true"},"ingressSettings":"ALLOW_ALL","serviceAccountEmail":"507028011652-compute@developer.gserviceaccount.com","availableMemory":"256Mi","maxInstanceRequestConcurrency":80,"availableCpu":"1"},"labels":{"deployment-tool":"cli-firebase","firebase-functions-hash":"df3cd0dbe52d24197f04916e1abf8e6b85b74bd5"},"environment":"GEN_2"},"stages":[{"name":"BUILD","state":"NOT_STARTED","stateMessages":[{"severity":"WARNING","type":"BuildAnalysisWarning","message":"Node.js 20 is no longer supported by the Node.js community as of 30 April, 2026. Runtime nodejs20 is currently deprecated for Cloud Functions. We recommend you to upgrade to the latest version of Node.js as soon as possible."}]},{"name":"SERVICE","state":"NOT_STARTED"}],"operationType":"CREATE_FUNCTION"},"done":false}
[debug] [2026-06-09T19:54:24.310Z] [create-default-us-central1-getPreview] Retrying task index 0
[debug] [2026-06-09T19:54:24.310Z] Checked if tokens are valid: true, expires at: 1781036251126
[debug] [2026-06-09T19:54:24.310Z] Checked if tokens are valid: true, expires at: 1781036251126
[debug] [2026-06-09T19:54:24.310Z] >>> [apiv2][query] GET https://cloudfunctions.googleapis.com/v2/projects/shareshuffle-c7f96/locations/us-central1/operations/operation-1781034847074-653d77d6479f4-d145f383-cfd50d0a [none]
[debug] [2026-06-09T19:54:24.510Z] <<< [apiv2][status] GET https://cloudfunctions.googleapis.com/v2/projects/shareshuffle-c7f96/locations/us-central1/operations/operation-1781034847074-653d77d6479f4-d145f383-cfd50d0a 200
[debug] [2026-06-09T19:54:24.510Z] <<< [apiv2][body] GET https://cloudfunctions.googleapis.com/v2/projects/shareshuffle-c7f96/locations/us-central1/operations/operation-1781034847074-653d77d6479f4-d145f383-cfd50d0a {"name":"projects/shareshuffle-c7f96/locations/us-central1/operations/operation-1781034847074-653d77d6479f4-d145f383-cfd50d0a","metadata":{"@type":"type.googleapis.com/google.cloud.functions.v2.OperationMetadata","createTime":"2026-06-09T19:54:08.162151055Z","target":"projects/shareshuffle-c7f96/locations/us-central1/functions/getPreview","verb":"create","cancelRequested":false,"apiVersion":"v2","requestResource":{"@type":"type.googleapis.com/google.cloud.functions.v2.Function","name":"projects/shareshuffle-c7f96/locations/us-central1/functions/getPreview","buildConfig":{"runtime":"nodejs20","entryPoint":"getPreview","source":{"storageSource":{"bucket":"gcf-v2-sources-507028011652-us-central1","object":"getPreview/function-source.zip","generation":"1781034847830522"}},"environmentVariables":{"GOOGLE_NODE_RUN_SCRIPTS":""},"serviceAccount":"projects/shareshuffle-c7f96/serviceAccounts/507028011652-compute@developer.gserviceaccount.com","automaticUpdatePolicy":{}},"serviceConfig":{"service":"projects/shareshuffle-c7f96/locations/us-central1/services/getpreview","timeoutSeconds":10,"environmentVariables":{"FIREBASE_CONFIG":"{\"projectId\":\"shareshuffle-c7f96\",\"storageBucket\":\"shareshuffle-c7f96.firebasestorage.app\"}","GCLOUD_PROJECT":"shareshuffle-c7f96","EVENTARC_CLOUD_EVENT_SOURCE":"projects/shareshuffle-c7f96/locations/us-central1/services/getPreview","FUNCTION_TARGET":"getPreview","LOG_EXECUTION_ID":"true"},"ingressSettings":"ALLOW_ALL","serviceAccountEmail":"507028011652-compute@developer.gserviceaccount.com","availableMemory":"256Mi","maxInstanceRequestConcurrency":80,"availableCpu":"1"},"labels":{"deployment-tool":"cli-firebase","firebase-functions-hash":"df3cd0dbe52d24197f04916e1abf8e6b85b74bd5"},"environment":"GEN_2"},"stages":[{"name":"BUILD","message":"Build in progress","state":"IN_PROGRESS","resource":"projects/507028011652/locations/us-central1/builds/fa335aa5-8a8f-4bfe-b7ab-aacfe16ea658","resourceUri":"https://console.cloud.google.com/cloud-build/builds;region=us-central1/fa335aa5-8a8f-4bfe-b7ab-aacfe16ea658?project=507028011652"},{"name":"SERVICE","state":"NOT_STARTED"}],"operationType":"CREATE_FUNCTION","buildName":"projects/507028011652/locations/us-central1/builds/fa335aa5-8a8f-4bfe-b7ab-aacfe16ea658"},"done":false}
[debug] [2026-06-09T19:54:34.511Z] [create-default-us-central1-getPreview] Retrying task index 0
[debug] [2026-06-09T19:54:34.511Z] Checked if tokens are valid: true, expires at: 1781036251126
[debug] [2026-06-09T19:54:34.511Z] Checked if tokens are valid: true, expires at: 1781036251126
[debug] [2026-06-09T19:54:34.511Z] >>> [apiv2][query] GET https://cloudfunctions.googleapis.com/v2/projects/shareshuffle-c7f96/locations/us-central1/operations/operation-1781034847074-653d77d6479f4-d145f383-cfd50d0a [none]
[debug] [2026-06-09T19:54:34.774Z] <<< [apiv2][status] GET https://cloudfunctions.googleapis.com/v2/projects/shareshuffle-c7f96/locations/us-central1/operations/operation-1781034847074-653d77d6479f4-d145f383-cfd50d0a 200
[debug] [2026-06-09T19:54:34.774Z] <<< [apiv2][body] GET https://cloudfunctions.googleapis.com/v2/projects/shareshuffle-c7f96/locations/us-central1/operations/operation-1781034847074-653d77d6479f4-d145f383-cfd50d0a {"name":"projects/shareshuffle-c7f96/locations/us-central1/operations/operation-1781034847074-653d77d6479f4-d145f383-cfd50d0a","metadata":{"@type":"type.googleapis.com/google.cloud.functions.v2.OperationMetadata","createTime":"2026-06-09T19:54:08.162151055Z","target":"projects/shareshuffle-c7f96/locations/us-central1/functions/getPreview","verb":"create","cancelRequested":false,"apiVersion":"v2","requestResource":{"@type":"type.googleapis.com/google.cloud.functions.v2.Function","name":"projects/shareshuffle-c7f96/locations/us-central1/functions/getPreview","buildConfig":{"runtime":"nodejs20","entryPoint":"getPreview","source":{"storageSource":{"bucket":"gcf-v2-sources-507028011652-us-central1","object":"getPreview/function-source.zip","generation":"1781034847830522"}},"environmentVariables":{"GOOGLE_NODE_RUN_SCRIPTS":""},"serviceAccount":"projects/shareshuffle-c7f96/serviceAccounts/507028011652-compute@developer.gserviceaccount.com","automaticUpdatePolicy":{}},"serviceConfig":{"service":"projects/shareshuffle-c7f96/locations/us-central1/services/getpreview","timeoutSeconds":10,"environmentVariables":{"FIREBASE_CONFIG":"{\"projectId\":\"shareshuffle-c7f96\",\"storageBucket\":\"shareshuffle-c7f96.firebasestorage.app\"}","GCLOUD_PROJECT":"shareshuffle-c7f96","EVENTARC_CLOUD_EVENT_SOURCE":"projects/shareshuffle-c7f96/locations/us-central1/services/getPreview","FUNCTION_TARGET":"getPreview","LOG_EXECUTION_ID":"true"},"ingressSettings":"ALLOW_ALL","serviceAccountEmail":"507028011652-compute@developer.gserviceaccount.com","availableMemory":"256Mi","maxInstanceRequestConcurrency":80,"availableCpu":"1"},"labels":{"deployment-tool":"cli-firebase","firebase-functions-hash":"df3cd0dbe52d24197f04916e1abf8e6b85b74bd5"},"environment":"GEN_2"},"stages":[{"name":"BUILD","message":"Build in progress","state":"IN_PROGRESS","resource":"projects/507028011652/locations/us-central1/builds/fa335aa5-8a8f-4bfe-b7ab-aacfe16ea658","resourceUri":"https://console.cloud.google.com/cloud-build/builds;region=us-central1/fa335aa5-8a8f-4bfe-b7ab-aacfe16ea658?project=507028011652"},{"name":"SERVICE","state":"NOT_STARTED"}],"operationType":"CREATE_FUNCTION","buildName":"projects/507028011652/locations/us-central1/builds/fa335aa5-8a8f-4bfe-b7ab-aacfe16ea658"},"done":false}
[debug] [2026-06-09T19:54:44.776Z] [create-default-us-central1-getPreview] Retrying task index 0
[debug] [2026-06-09T19:54:44.776Z] Checked if tokens are valid: true, expires at: 1781036251126
[debug] [2026-06-09T19:54:44.776Z] Checked if tokens are valid: true, expires at: 1781036251126
[debug] [2026-06-09T19:54:44.776Z] >>> [apiv2][query] GET https://cloudfunctions.googleapis.com/v2/projects/shareshuffle-c7f96/locations/us-central1/operations/operation-1781034847074-653d77d6479f4-d145f383-cfd50d0a [none]
[debug] [2026-06-09T19:54:45.040Z] <<< [apiv2][status] GET https://cloudfunctions.googleapis.com/v2/projects/shareshuffle-c7f96/locations/us-central1/operations/operation-1781034847074-653d77d6479f4-d145f383-cfd50d0a 200
[debug] [2026-06-09T19:54:45.040Z] <<< [apiv2][body] GET https://cloudfunctions.googleapis.com/v2/projects/shareshuffle-c7f96/locations/us-central1/operations/operation-1781034847074-653d77d6479f4-d145f383-cfd50d0a {"name":"projects/shareshuffle-c7f96/locations/us-central1/operations/operation-1781034847074-653d77d6479f4-d145f383-cfd50d0a","metadata":{"@type":"type.googleapis.com/google.cloud.functions.v2.OperationMetadata","createTime":"2026-06-09T19:54:08.162151055Z","target":"projects/shareshuffle-c7f96/locations/us-central1/functions/getPreview","verb":"create","cancelRequested":false,"apiVersion":"v2","requestResource":{"@type":"type.googleapis.com/google.cloud.functions.v2.Function","name":"projects/shareshuffle-c7f96/locations/us-central1/functions/getPreview","buildConfig":{"runtime":"nodejs20","entryPoint":"getPreview","source":{"storageSource":{"bucket":"gcf-v2-sources-507028011652-us-central1","object":"getPreview/function-source.zip","generation":"1781034847830522"}},"environmentVariables":{"GOOGLE_NODE_RUN_SCRIPTS":""},"serviceAccount":"projects/shareshuffle-c7f96/serviceAccounts/507028011652-compute@developer.gserviceaccount.com","automaticUpdatePolicy":{}},"serviceConfig":{"service":"projects/shareshuffle-c7f96/locations/us-central1/services/getpreview","timeoutSeconds":10,"environmentVariables":{"FIREBASE_CONFIG":"{\"projectId\":\"shareshuffle-c7f96\",\"storageBucket\":\"shareshuffle-c7f96.firebasestorage.app\"}","GCLOUD_PROJECT":"shareshuffle-c7f96","EVENTARC_CLOUD_EVENT_SOURCE":"projects/shareshuffle-c7f96/locations/us-central1/services/getPreview","FUNCTION_TARGET":"getPreview","LOG_EXECUTION_ID":"true"},"ingressSettings":"ALLOW_ALL","serviceAccountEmail":"507028011652-compute@developer.gserviceaccount.com","availableMemory":"256Mi","maxInstanceRequestConcurrency":80,"availableCpu":"1"},"labels":{"deployment-tool":"cli-firebase","firebase-functions-hash":"df3cd0dbe52d24197f04916e1abf8e6b85b74bd5"},"environment":"GEN_2"},"stages":[{"name":"BUILD","message":"Build in progress","state":"IN_PROGRESS","resource":"projects/507028011652/locations/us-central1/builds/fa335aa5-8a8f-4bfe-b7ab-aacfe16ea658","resourceUri":"https://console.cloud.google.com/cloud-build/builds;region=us-central1/fa335aa5-8a8f-4bfe-b7ab-aacfe16ea658?project=507028011652"},{"name":"SERVICE","state":"NOT_STARTED"}],"operationType":"CREATE_FUNCTION","buildName":"projects/507028011652/locations/us-central1/builds/fa335aa5-8a8f-4bfe-b7ab-aacfe16ea658"},"done":false}
[debug] [2026-06-09T19:54:55.041Z] [create-default-us-central1-getPreview] Retrying task index 0
[debug] [2026-06-09T19:54:55.041Z] Checked if tokens are valid: true, expires at: 1781036251126
[debug] [2026-06-09T19:54:55.041Z] Checked if tokens are valid: true, expires at: 1781036251126
[debug] [2026-06-09T19:54:55.041Z] >>> [apiv2][query] GET https://cloudfunctions.googleapis.com/v2/projects/shareshuffle-c7f96/locations/us-central1/operations/operation-1781034847074-653d77d6479f4-d145f383-cfd50d0a [none]
[debug] [2026-06-09T19:54:55.250Z] <<< [apiv2][status] GET https://cloudfunctions.googleapis.com/v2/projects/shareshuffle-c7f96/locations/us-central1/operations/operation-1781034847074-653d77d6479f4-d145f383-cfd50d0a 200
[debug] [2026-06-09T19:54:55.250Z] <<< [apiv2][body] GET https://cloudfunctions.googleapis.com/v2/projects/shareshuffle-c7f96/locations/us-central1/operations/operation-1781034847074-653d77d6479f4-d145f383-cfd50d0a {"name":"projects/shareshuffle-c7f96/locations/us-central1/operations/operation-1781034847074-653d77d6479f4-d145f383-cfd50d0a","metadata":{"@type":"type.googleapis.com/google.cloud.functions.v2.OperationMetadata","createTime":"2026-06-09T19:54:08.162151055Z","endTime":"2026-06-09T19:54:50.782973781Z","target":"projects/shareshuffle-c7f96/locations/us-central1/functions/getPreview","verb":"create","cancelRequested":false,"apiVersion":"v2","requestResource":{"@type":"type.googleapis.com/google.cloud.functions.v2.Function","name":"projects/shareshuffle-c7f96/locations/us-central1/functions/getPreview","buildConfig":{"runtime":"nodejs20","entryPoint":"getPreview","source":{"storageSource":{"bucket":"gcf-v2-sources-507028011652-us-central1","object":"getPreview/function-source.zip","generation":"1781034847830522"}},"environmentVariables":{"GOOGLE_NODE_RUN_SCRIPTS":""},"serviceAccount":"projects/shareshuffle-c7f96/serviceAccounts/507028011652-compute@developer.gserviceaccount.com","automaticUpdatePolicy":{}},"serviceConfig":{"service":"projects/shareshuffle-c7f96/locations/us-central1/services/getpreview","timeoutSeconds":10,"environmentVariables":{"FIREBASE_CONFIG":"{\"projectId\":\"shareshuffle-c7f96\",\"storageBucket\":\"shareshuffle-c7f96.firebasestorage.app\"}","GCLOUD_PROJECT":"shareshuffle-c7f96","EVENTARC_CLOUD_EVENT_SOURCE":"projects/shareshuffle-c7f96/locations/us-central1/services/getPreview","FUNCTION_TARGET":"getPreview","LOG_EXECUTION_ID":"true"},"ingressSettings":"ALLOW_ALL","serviceAccountEmail":"507028011652-compute@developer.gserviceaccount.com","availableMemory":"256Mi","maxInstanceRequestConcurrency":80,"availableCpu":"1"},"labels":{"deployment-tool":"cli-firebase","firebase-functions-hash":"df3cd0dbe52d24197f04916e1abf8e6b85b74bd5"},"environment":"GEN_2"},"stages":[{"name":"ARTIFACT_REGISTRY","message":"Deleting function artifacts in Artifact Registry","state":"COMPLETE"},{"name":"SERVICE","message":"Deleting Cloud Run service","state":"COMPLETE","resource":"projects/shareshuffle-c7f96/locations/us-central1/services/getpreview"}],"operationType":"CREATE_FUNCTION"},"done":true,"error":{"code":3,"message":"Build failed with status: FAILURE. Could not build the function due to a missing permission on the build service account. If you didn't revoke that permission explicitly, this could be caused by a change in the organization policies. Please refer to the following documentation for more details and resolution: https://cloud.google.com/functions/docs/troubleshooting#build-service-account\n You can also view the logs at https://console.cloud.google.com/cloud-build/builds;region=us-central1/fa335aa5-8a8f-4bfe-b7ab-aacfe16ea658?project=507028011652.\n"}}
[debug] [2026-06-09T19:54:55.251Z] Got source token undefined for region us-central1
[error] Build failed with status: FAILURE. Could not build the function due to a missing permission on the build service account. If you didn't revoke that permission explicitly, this could be caused by a change in the organization policies. Please refer to the following documentation for more details and resolution: https://cloud.google.com/functions/docs/troubleshooting#build-service-account
 You can also view the logs at https://console.cloud.google.com/cloud-build/builds;region=us-central1/fa335aa5-8a8f-4bfe-b7ab-aacfe16ea658?project=507028011652.

[warn] ⚠  functions: Deploys failed. Skipping deletes. 
[debug] [2026-06-09T19:54:55.255Z] Total Function Deployment time: 48562
[debug] [2026-06-09T19:54:55.255Z] 1 Functions Deployed
[debug] [2026-06-09T19:54:55.255Z] 1 Functions Errored
[debug] [2026-06-09T19:54:55.255Z] 0 Function Deployments Aborted
[debug] [2026-06-09T19:54:55.255Z] Average Function Deployment time: 48562
[info] 
[info] Functions deploy had errors with the following functions:
	getPreview(us-central1)
[debug] [2026-06-09T19:54:55.458Z] Not printing URL for HTTPS function. Typically this means it didn't match a filter or we failed deployment
[debug] [2026-06-09T19:54:55.459Z] Checked if tokens are valid: true, expires at: 1781036251126
[debug] [2026-06-09T19:54:55.459Z] Checked if tokens are valid: true, expires at: 1781036251126
[debug] [2026-06-09T19:54:55.459Z] >>> [apiv2][query] GET https://artifactregistry.googleapis.com/v1/projects/shareshuffle-c7f96/locations/us-central1/repositories/gcf-artifacts [none]
[debug] [2026-06-09T19:54:55.768Z] <<< [apiv2][status] GET https://artifactregistry.googleapis.com/v1/projects/shareshuffle-c7f96/locations/us-central1/repositories/gcf-artifacts 200
[debug] [2026-06-09T19:54:55.768Z] <<< [apiv2][body] GET https://artifactregistry.googleapis.com/v1/projects/shareshuffle-c7f96/locations/us-central1/repositories/gcf-artifacts {"name":"projects/shareshuffle-c7f96/locations/us-central1/repositories/gcf-artifacts","format":"DOCKER","description":"This repository is created and used by Cloud Functions for storing function docker images.","labels":{"goog-managed-by":"cloudfunctions"},"createTime":"2026-06-09T19:54:17.135877Z","updateTime":"2026-06-09T19:54:17.135877Z","mode":"STANDARD_REPOSITORY","vulnerabilityScanningConfig":{"lastEnableTime":"2026-06-09T19:54:08.396026654Z","enablementState":"SCANNING_DISABLED","enablementStateReason":"API containerscanning.googleapis.com is not enabled."},"satisfiesPzi":true,"registryUri":"us-central1-docker.pkg.dev/shareshuffle-c7f96/gcf-artifacts"}
[warn] ⚠  functions: No cleanup policy detected for repositories in us-central1. This may result in a small monthly bill as container images accumulate over time. 
[info] i  functions: Configuring cleanup policy for repository in us-central1. Images older than 1 days will be automatically deleted. 
[debug] [2026-06-09T19:55:40.924Z] Setting up artifact cleanup policy for region us-central1
[debug] [2026-06-09T19:55:40.924Z] Checked if tokens are valid: true, expires at: 1781036251126
[debug] [2026-06-09T19:55:40.924Z] Checked if tokens are valid: true, expires at: 1781036251126
[debug] [2026-06-09T19:55:40.924Z] >>> [apiv2][query] PATCH https://artifactregistry.googleapis.com/v1/projects/shareshuffle-c7f96/locations/us-central1/repositories/gcf-artifacts updateMask=name%2CcleanupPolicies%2CcleanupPolicyDryRun%2Clabels
[debug] [2026-06-09T19:55:40.924Z] >>> [apiv2][body] PATCH https://artifactregistry.googleapis.com/v1/projects/shareshuffle-c7f96/locations/us-central1/repositories/gcf-artifacts {"name":"projects/shareshuffle-c7f96/locations/us-central1/repositories/gcf-artifacts","cleanupPolicies":{"firebase-functions-cleanup":{"id":"firebase-functions-cleanup","condition":{"tagState":"ANY","olderThan":"86400s"},"action":"DELETE"}},"cleanupPolicyDryRun":false,"labels":{"goog-managed-by":"cloudfunctions"}}
[debug] [2026-06-09T19:55:41.239Z] <<< [apiv2][status] PATCH https://artifactregistry.googleapis.com/v1/projects/shareshuffle-c7f96/locations/us-central1/repositories/gcf-artifacts 200
[debug] [2026-06-09T19:55:41.239Z] <<< [apiv2][body] PATCH https://artifactregistry.googleapis.com/v1/projects/shareshuffle-c7f96/locations/us-central1/repositories/gcf-artifacts {"name":"projects/shareshuffle-c7f96/locations/us-central1/repositories/gcf-artifacts","format":"DOCKER","description":"This repository is created and used by Cloud Functions for storing function docker images.","labels":{"goog-managed-by":"cloudfunctions"},"createTime":"2026-06-09T19:54:17.135877Z","updateTime":"2026-06-09T19:55:41.317615Z","mode":"STANDARD_REPOSITORY","cleanupPolicies":{"firebase-functions-cleanup":{"id":"firebase-functions-cleanup","action":"DELETE","condition":{"tagState":"ANY","olderThan":"86400s"}}},"vulnerabilityScanningConfig":{"lastEnableTime":"2026-06-09T19:54:08.396026654Z","enablementState":"SCANNING_DISABLED","enablementStateReason":"API containerscanning.googleapis.com is not enabled."},"satisfiesPzi":true}
[info] i  functions: Configured cleanup policy for repository in us-central1. 
[debug] [2026-06-09T19:55:41.239Z] Functions deploy failed.
[debug] [2026-06-09T19:55:41.239Z] {
  "endpoint": {
    "id": "getPreview",
    "project": "shareshuffle-c7f96",
    "region": "us-central1",
    "entryPoint": "getPreview",
    "platform": "gcfv2",
    "runtime": "nodejs20",
    "httpsTrigger": {},
    "labels": {
      "deployment-tool": "cli-firebase"
    },
    "serviceAccount": null,
    "ingressSettings": null,
    "availableMemoryMb": 256,
    "timeoutSeconds": 10,
    "maxInstances": null,
    "minInstances": null,
    "concurrency": 80,
    "vpc": null,
    "environmentVariables": {
      "FIREBASE_CONFIG": "{\"projectId\":\"shareshuffle-c7f96\",\"storageBucket\":\"shareshuffle-c7f96.firebasestorage.app\"}",
      "GCLOUD_PROJECT": "shareshuffle-c7f96",
      "EVENTARC_CLOUD_EVENT_SOURCE": "projects/shareshuffle-c7f96/locations/us-central1/services/getPreview"
    },
    "codebase": "default",
    "cpu": 1,
    "targetedByOnly": false,
    "hash": "df3cd0dbe52d24197f04916e1abf8e6b85b74bd5"
  },
  "op": "create",
  "original": {
    "name": "FirebaseError",
    "children": [],
    "exit": 1,
    "message": "Build failed with status: FAILURE. Could not build the function due to a missing permission on the build service account. If you didn't revoke that permission explicitly, this could be caused by a change in the organization policies. Please refer to the following documentation for more details and resolution: https://cloud.google.com/functions/docs/troubleshooting#build-service-account\n You can also view the logs at https://console.cloud.google.com/cloud-build/builds;region=us-central1/fa335aa5-8a8f-4bfe-b7ab-aacfe16ea658?project=507028011652.\n",
    "original": {
      "code": 3,
      "message": "Build failed with status: FAILURE. Could not build the function due to a missing permission on the build service account. If you didn't revoke that permission explicitly, this could be caused by a change in the organization policies. Please refer to the following documentation for more details and resolution: https://cloud.google.com/functions/docs/troubleshooting#build-service-account\n You can also view the logs at https://console.cloud.google.com/cloud-build/builds;region=us-central1/fa335aa5-8a8f-4bfe-b7ab-aacfe16ea658?project=507028011652.\n"
    },
    "status": 3,
    "code": 3
  }
}
[debug] [2026-06-09T19:55:41.394Z] Error: Failed to create function getPreview in region us-central1
    at /Users/richwilliams/.npm/_npx/ba4f1959e38407b5/node_modules/firebase-tools/lib/deploy/functions/release/fabricator.js:332:27
    at process.processTicksAndRejections (node:internal/process/task_queues:104:5)
    at async Fabricator.createV2Function (/Users/richwilliams/.npm/_npx/ba4f1959e38407b5/node_modules/firebase-tools/lib/deploy/functions/release/fabricator.js:311:30)
    at async Fabricator.createEndpoint (/Users/richwilliams/.npm/_npx/ba4f1959e38407b5/node_modules/firebase-tools/lib/deploy/functions/release/fabricator.js:153:13)
    at async Fabricator.wrapOperation (/Users/richwilliams/.npm/_npx/ba4f1959e38407b5/node_modules/firebase-tools/lib/deploy/functions/release/fabricator.js:138:13)
    at async Promise.all (index 0)
    at async Promise.allSettled (index 0)
    at async Fabricator.applyPlan (/Users/richwilliams/.npm/_npx/ba4f1959e38407b5/node_modules/firebase-tools/lib/deploy/functions/release/fabricator.js:77:45)
    at async release (/Users/richwilliams/.npm/_npx/ba4f1959e38407b5/node_modules/firebase-tools/lib/deploy/functions/release/index.js:87:21)
    at async chain (/Users/richwilliams/.npm/_npx/ba4f1959e38407b5/node_modules/firebase-tools/lib/deploy/index.js:45:9)
[error] 
[error] Error: There was an error deploying functions
